beta,diag,seed,dpsi,index,distance,distance_cum,r2,r2_adjusted
1.6962710515716122,0.103873965195954,56381,1.606060606060606,3315,94.65199416811038,304.108533257454,0.9963580936003804,0.9962996672945041
1.8248042397900643,0.1013575406826147,9319,1.6868686868686869,1117,83.71977066380438,336.0,0.9955541979532077,0.995482874925719
1.7807484784295529,0.1042174804304596,6557,1.6464646464646466,1216,84.92938243034621,337.9097512650382,0.9955035163769408,0.9954313802760361
1.7729930996198502,0.1011916117289249,41786,1.5656565656565657,28514,135.7645019878171,354.922526757601,0.9950393487472148,0.9949597661067958
1.8067600217974848,0.1009665172442581,27196,1.6868686868686869,14617,111.24747188138704,364.1593057989869,0.9947777892836839,0.9946940105021387
1.791303001105759,0.1009380963861388,4691,2.1313131313131315,228,69.93568473962345,369.4563573684989,0.9946247600642798,0.9945385262685196
1.7250319200014843,0.1019900891087928,94757,1.8484848484848486,6821,103.08734160894828,370.8881232932648,0.9945830176626925,0.9944961142027358
1.7334078617631004,0.1054556940239205,10830,1.9292929292929295,27623,131.62066707018317,379.5918861092792,0.9943257899578168,0.9942347598501883
1.734516586206688,0.1041095222656203,60854,1.7272727272727273,19318,116.09048195265622,381.12465152493087,0.9942798733160708,0.994188106577826
1.8010841993994575,0.100525604445001,80166,1.6464646464646466,3616,95.4829827770373,382.8929354271243,0.994226671443859,0.9941340511996428
1.8678436523619864,0.1001389335839671,41926,1.9292929292929295,10923,107.49883720301352,385.6526934950669,0.9941431472610603,0.9940491870566923
1.759906932387144,0.1039802779469169,95905,1.8888888888888888,16622,114.1183596096614,393.0229000961649,0.9939171475981268,0.9938195617307171
1.785683284394971,0.105307702815666,65125,1.9696969696969697,3124,95.09994742374992,393.6762629369467,0.9938969064713193,0.9937989958799501
1.8794485593670067,0.1008423785458959,48819,2.0505050505050506,20626,119.47384651043926,399.0588928967753,0.9937288736151184,0.9936282673094786
1.805888320650514,0.1011063504665345,18928,1.9292929292929295,7323,102.32790430767162,400.0887401564808,0.993696464184452,0.9935953379414219
1.6580641619378853,0.1141553458478313,93293,1.6868686868686869,17717,115.974135047432,401.1122037535133,0.9936641728926581,0.9935625286075136
1.729331000989971,0.1053709162169395,99179,1.6868686868686869,22817,122.22929272478018,402.4972049592394,0.9936203433709915,0.9935179959384406
1.847333287731819,0.1013028692306846,7004,1.7676767676767677,11819,109.40292500660117,402.54316538726624,0.9936188863248983,0.9935165155172763
1.7854544319252834,0.1023962363101967,75190,1.8888888888888888,6522,101.52832117197644,407.6567183305091,0.9934557365420905,0.9933507483582737
1.7884319788002403,0.1045666966172329,95096,1.7676767676767677,8919,106.06601717798212,408.516829518687,0.993428092045945,0.9933226603675377
1.6881641442013284,0.1066005833575958,50345,1.7676767676767677,28719,135.88598161694236,414.5756866966513,0.993231705860364,0.9931231236014394
1.83130986283638,0.10281171134554,6351,2.0101010101010104,27925,132.7328143301422,416.2811549902301,0.993175904932959,0.9930664274719905
1.8067600217974848,0.1009665172442581,27196,1.8888888888888888,14622,113.44602240713422,419.31610987416167,0.9930760382061427,0.9929649586051716
1.8353355362672288,0.1047784240316492,64493,1.7676767676767677,25819,128.01562404644207,419.4162610104668,0.993072730317715,0.9929615976490153
1.7423739982123614,0.1036960853992035,40149,1.8484848484848486,12921,109.73149046650192,419.4794393054325,0.9930706431976356,0.9929594770457261
1.7644379059430717,0.1015838536275188,5616,1.6464646464646466,4316,96.65402216152208,420.3117890328559,0.9930431168403625,0.9929315090891384
1.8372908105974588,0.1000675066276885,52066,1.7676767676767677,24919,125.32358118087753,421.8518697362855,0.9929920414678542,0.9928796143256273
1.6911975644244612,0.1130505215343623,86806,1.5656565656565657,25214,126.21410380777576,422.4570984135549,0.9929719184799193,0.9928591685090089
1.832184922584026,0.1012525755747345,59958,2.0505050505050506,5126,99.98999949995,423.16190754839926,0.9929484482239325,0.9928353217248511
1.805888320650514,0.1011063504665345,18928,1.606060606060606,7315,104.61835403025609,425.6735838644442,0.9928644908652682,0.9927500174566896
1.8133323552849496,0.1026675782423232,31673,1.9292929292929295,17223,115.00869532344063,426.39887429494934,0.9928401542575502,0.9927252904221099
1.818534074993,0.1018161712890245,39123,1.7676767676767677,10719,107.05606008068855,426.4082550795657,0.9928398392205572,0.9927249703310475
1.834173206328012,0.1026577747245719,27117,2.1313131313131315,8528,103.17945531936094,428.1775332732907,0.9927802972288591,0.9926644731202311
1.786429355714254,0.1031597484140038,23025,1.6464646464646466,19916,118.4440796325422,429.29826461331055,0.9927424534100615,0.9926260221813459
1.7969014648712889,0.1026199132115092,25343,1.8080808080808082,29020,140.34600101178515,431.7348723464437,0.992659834958618,0.9925420783002001
1.8194347623614255,0.1052760011082361,24441,1.7676767676767677,1719,86.53900854527974,431.81824880382254,0.99265699962568,0.9925391974806375
1.8021869996726696,0.1011191228941935,99659,1.8484848484848486,9121,104.17773274553444,431.9953703455628,0.9926509745431867,0.9925330757390667
1.8302928305738853,0.1004678092424847,53774,1.6464646464646466,13816,111.96874563912914,434.3627516258731,0.9925702069340777,0.9924510123929132
1.6580641619378853,0.1141553458478313,93293,1.5656565656565657,17714,117.46063170271135,435.0735569992734,0.9925458703263598,0.9924262853583334
1.80880483523648,0.1014540781442868,1634,1.8484848484848486,25121,125.7258923213512,435.2849641326932,0.9925386244755182,0.9924189232638955
1.818534074993,0.1018161712890245,39123,1.7272727272727273,10718,107.80074211247342,436.1307143506405,0.9925096016925279,0.992389434874761
1.81408202467925,0.1010495815342509,70889,2.090909090909091,5227,99.40321926376429,436.4424360668884,0.992498890434762,0.9923785517786352
1.818428717506593,0.1011056060852433,33288,1.6868686868686869,9817,105.12373661547616,438.78582474824776,0.992418122825653,0.9922964884324816
1.751945109845452,0.1021215273095281,26294,1.7272727272727273,9318,106.00943354249186,439.33244815287657,0.9923992206060663,0.9922772829687305
1.8118554656771275,0.1023537255396907,85886,1.6868686868686869,317,76.49836599562111,439.35520936936666,0.9923984330135835,0.9922764827410742
1.7510697766917531,0.106375029384793,84210,1.606060606060606,22015,123.39773093537822,441.2867548431518,0.9923314482729232,0.9922084233789059
1.7622882006869716,0.1052740830318475,95380,1.9696969696969697,28924,140.10710188994705,442.1345948916461,0.9923019529344431,0.9921784548531775
1.7543984703763496,0.1058469813346516,3941,1.7676767676767677,15519,113.90785749894518,442.36297313405424,0.992293998250367,0.9921703725538489
1.7820819629117075,0.100165306580636,94635,1.6464646464646466,9516,105.35179163165664,442.46920796819296,0.9922902965656979,0.9921666114838642
1.7799755789245852,0.1004661453144416,55933,1.8484848484848486,16021,114.78240283248996,443.9324272904605,0.9922392211931897,0.9921147167203532
1.8779121856653544,0.1011640165946582,1450,2.3333333333333335,12433,108.61399541495562,444.2262936837485,0.9922289431112894,0.9921042737494384
1.785683284394971,0.105307702815666,65125,1.8080808080808082,3120,94.36630754670864,444.4614718960464,0.9922207127698444,0.9920959113704301
1.7687144578377991,0.1055738803964827,50480,2.090909090909091,9627,105.26157893552612,445.06741062450305,0.9921994871524334,0.9920743452350929
1.848632402142795,0.1039989902163513,28687,1.7676767676767677,5819,100.8265837961398,445.10111210824897,0.9921983057637094,0.9920731448936084
1.8677179548009684,0.1026087573596937,41319,2.0101010101010104,18525,116.55899793666724,445.69945030255536,0.9921773164240433,0.992051818826568
1.7563528123642629,0.1093250550017292,41854,2.0101010101010104,8325,104.747315001388,446.18605984499334,0.992160225667167,0.9920344538864263
1.7938147587265088,0.1023634038403708,36384,1.7272727272727273,8418,104.0768946500615,446.6307199465796,0.9921445919563838,0.9920185693674488
1.7956306628093457,0.1029851247881092,8863,1.6464646464646466,27016,130.927460832325,447.5086591340999,0.9921136789514347,0.9919871604319389
1.8341399134438687,0.1062643153116833,26722,2.1313131313131315,2928,92.7739187487518,450.35319472609496,0.9920131033913838,0.9918849713602296
1.7687144578377991,0.1055738803964827,50480,1.7676767676767677,9619,106.87843561729372,450.9246056715025,0.9919928228849522,0.9918643654980798
1.8357070792704289,0.1002727958022752,76611,2.090909090909091,17327,115.39064086831306,451.89489928522096,0.9919583263342064,0.9918293155267338
1.7094149017982767,0.1102753288780031,23929,2.0505050505050506,13726,110.72939989000211,452.137147334744,0.99194970219652,0.9918205530338974
1.6261565760795325,0.1089056951483048,98914,1.5252525252525253,14513,113.45042970390196,454.2631396008265,0.9918738176608043,0.9917434510992129
1.7854544319252834,0.1023962363101967,75190,2.0101010101010104,6525,101.84792585025971,455.01648321791595,0.991846842618269,0.9917160433019846
1.7729930996198502,0.1011916117289249,41786,1.7676767676767677,28519,135.45848072379965,457.7739616885172,0.9917477241043113,0.9916153346514394
1.881355384735299,0.1031088365937621,5790,2.0505050505050506,18826,117.2987638468539,458.3906630811758,0.9917254746166728,0.9915927282201489
1.7568602344389743,0.1028461425568758,84612,1.8484848484848486,25021,125.85308895692629,458.7897121775945,0.991711061674238,0.9915780840540386
1.8341399134438687,0.1062643153116833,26722,1.9292929292929295,2923,94.8314293892062,459.23305630148184,0.9916950341672134,0.9915617994212329
1.847333287731819,0.1013028692306846,7004,1.6868686868686869,11817,109.5673308974897,459.7814698310492,0.9916751868366473,0.991541633684294
1.7701161784878965,0.1024937085403297,39784,1.8484848484848486,1321,85.0881895447306,461.9935064478721,0.991594891783028,0.9914600504747343
1.8388702048226024,0.102052651891072,17348,1.6464646464646466,8716,105.49881515922348,462.0963103077106,0.9915911507187348,0.991456249393367
1.758005282002478,0.1020093481394171,63394,1.7272727272727273,21618,120.97520407091694,462.30293098789673,0.9915836292105242,0.9914486072192492
1.7541341245091315,0.1022545630120435,67976,1.6868686868686869,11217,107.89346597454362,462.60350193227026,0.9915726816750137,0.9914374840548267
1.658880462132731,0.1149518107420123,29383,1.8484848484848486,2521,89.3364427319557,462.8790338738621,0.9915626398708582,0.9914272811522089
1.880273232505712,0.1005459687042029,37166,1.9696969696969697,20424,119.96249413879325,464.7063588977453,0.9914958914079427,0.9913594618583375
1.806783024627681,0.100023969080492,22049,1.606060606060606,23215,124.46284586172696,464.73648447265253,0.9914947887784668,0.9913583415396187
1.8302928305738853,0.1004678092424847,53774,1.9696969696969697,13824,111.35528725660043,464.8526648304816,0.9914905357790598,0.9913540203102746
1.6881641442013284,0.1066005833575958,50345,1.606060606060606,28715,137.73162309360913,465.4449484095837,0.9914688376061592,0.9913319740383436
1.8518176784620195,0.1001151967910639,47307,1.7272727272727273,11918,110.27692415006868,465.48147116722055,0.9914674986989385,0.9913306136513278
1.797340935504523,0.1018046712144502,18504,1.7676767676767677,10119,106.52229813517918,467.169134254394,0.9914055151705438,0.991267635734777
1.802124905875052,0.1012073321414142,23942,1.8080808080808082,14220,112.89818421923356,467.3135992029335,0.991400198921285,0.991262234198097
1.8127849445951332,0.104076330353632,99107,1.7272727272727273,19118,116.43453096053592,467.40346596917743,0.9913968910328573,0.9912588732419406
1.8182534137757815,0.1011867044361888,87711,1.8484848484848486,21421,121.60592090848208,467.4537410268528,0.9913950401905227,0.9912569927069482
1.8702194394392757,0.1013310216256553,68678,2.2525252525252526,25331,126.2774722585149,467.7232087463695,0.9913851165252398,0.9912469098384789
1.763508099663004,0.1021205859985657,48641,1.8888888888888888,26822,129.5067565804966,467.7531400215289,0.9913840138957638,0.9912457895197601
1.8005740106359254,0.1053481091938467,4417,2.090909090909091,20727,119.5198728245642,467.7766561084467,0.9913831475440328,0.9912449092693382
1.847333287731819,0.1013028692306846,7004,1.9292929292929295,11823,108.37435120913068,468.9541555418824,0.9913397118186075,0.9912007767140931
1.785683284394971,0.105307702815666,65125,1.7272727272727273,3118,93.1074647920348,469.0543678508921,0.9913360101339385,0.9911970156441086
1.794785732658744,0.1022435944102365,20886,1.7272727272727273,27818,132.14007719083563,469.83507744739535,0.9913071448694446,0.9911676873005052
1.8404017974532016,0.1025012150583617,25369,1.404040404040404,24710,125.5866234915168,470.3583740085851,0.9912877700943682,0.9911480017001602
1.848632402142795,0.1039989902163513,28687,1.9292929292929295,5823,101.4248490262618,471.0498912004969,0.9912621339590537,0.9911219542899476
1.834173206328012,0.1026577747245719,27117,1.8080808080808082,8520,104.4317959244214,471.081733884896,0.9912609525703296,0.9911207539484633
1.7749062775892928,0.1001356070137505,46182,1.7676767676767677,23619,124.25779653607252,471.90888951152425,0.9912302364635012,0.9910895450698675
1.7938147587265088,0.1023634038403708,36384,1.606060606060606,8415,106.4189832689638,472.4394141051315,0.9912105072718076,0.9910694993670772
1.818534074993,0.1018161712890245,39123,1.8888888888888888,10722,108.67842472174502,472.7980541415119,0.9911971575792244,0.991055935508303
1.8692970904017951,0.1011376918962751,79684,1.9696969696969697,3724,97.52435593224904,473.30962381933455,0.9911780978411412,0.9910365699990205
1.7543984703763496,0.1058469813346516,3941,1.5252525252525253,15513,114.03508232118746,473.5029038981704,0.9911708913699238,0.9910292479159654
1.8658961534002687,0.1016993778697085,37521,2.1717171717171717,19029,119.32728103832753,473.8554631952659,0.9911577385754614,0.9910158841141051
1.7687144578377991,0.1055738803964827,50480,1.8080808080808082,9620,107.64757312638312,474.244662595163,0.9911432074941541,0.9910011199138464
1.746643102826669,0.1046973512017284,33493,1.8080808080808082,12520,110.06816070054046,474.9589455942482,0.9911165081089879,0.9909739921962979
