accessionVersion	clade	lineage	sampleCollectionDate	sampleCollectionDateRangeLower	sampleCollectionDateRangeUpper	sampleReceivedDate
PP_000TB2Y.1	IIb	B.1	2022-05-19	2022-05-19	2022-05-19	
PP_000TBZ3.1	IIb	B.1.1	2022-05	2022-05-01	2022-05-31	
PP_000TC01.1	IIb	B.1	2022-05	2022-05-01	2022-05-31	
PP_000TCX6.1	IIb	B.1	2022-05	2022-05-01	2022-05-31	
PP_000TCY4.1	IIb	B.1	2022-05	2022-05-01	2022-05-31	
PP_000TCZ2.1	IIb	B.1	2022-05	2022-05-01	2022-05-31	
PP_000TD00.1	IIb	B.1	2022-05	2022-05-01	2022-05-31	
PP_000TD1Y.1	IIb	B.1	2022-05	2022-05-01	2022-05-31	
PP_000TD2W.1	IIb	B.1	2022-05	2022-05-01	2022-05-31	
PP_000TD3U.1	IIb	B.1	2022-05	2022-05-01	2022-05-31	
PP_000TD4S.1	IIb	B.1	2022-05	2022-05-01	2022-05-31	
PP_000TD5Q.1	IIb	B.1.1	2022-05	2022-05-01	2022-05-31	
PP_000TD6N.1	IIb	B.1.14	2022-05	2022-05-01	2022-05-31	
PP_000TD7L.1	IIb	B.1.1	2022-05	2022-05-01	2022-05-31	
PP_000TD9G.1	IIb	B.1.1	2022-05	2022-05-01	2022-05-31	
PP_000TDAE.1	IIb	B.1.1	2022-05	2022-05-01	2022-05-31	
PP_000TDBC.1	IIb	B.1.1	2022-05	2022-05-01	2022-05-31	
PP_000TDCA.1	IIb	B.1.15	2022-05	2022-05-01	2022-05-31	
PP_000TDD8.1	IIb	B.1	2022-05	2022-05-01	2022-05-31	
PP_000TDE6.1	IIb	B.1.1	2022-05	2022-05-01	2022-05-31	
PP_000TDF4.1	IIb	B.1.1	2022-05	2022-05-01	2022-05-31	
PP_000TDHZ.1	IIb	B.1.1	2022-05	2022-05-01	2022-05-31	
PP_000TDJX.1	IIb	B.1.1	2022-05	2022-05-01	2022-05-31	
PP_000TDKV.1	IIb	B.1	2022-05	2022-05-01	2022-05-31	
PP_000TDLT.1	IIb	B.1.14	2022-05	2022-05-01	2022-05-31	
PP_000TE2V.1	IIb	B.1.3	2022-06	2022-06-01	2022-06-14	
PP_000TE3T.1	IIb	B.1.1	2022-06	2022-06-01	2022-06-14	
PP_000TE4R.1	IIb	B.1.5	2022-06	2022-06-01	2022-06-14	
PP_000TE6M.1	IIb	B.1	2022-06	2022-06-01	2022-06-14	
PP_000TE7K.1	IIb	B.1	2022-06	2022-06-01	2022-06-14	
PP_000TE8H.1	IIb	B.1.1	2022-06	2022-06-01	2022-06-14	
PP_000TE9F.1	IIb	B.1	2022-06	2022-06-01	2022-06-14	
PP_000TEAD.1	IIb	B.1.1	2022-06	2022-06-01	2022-06-14	
PP_000TEBB.1	IIb	B.1.2	2022-06	2022-06-01	2022-06-14	
PP_000TEC9.1	IIb	B.1.1	2022-06	2022-06-01	2022-06-14	
PP_000TED7.1	IIb	B.1	2022-06	2022-06-01	2022-06-14	
PP_000TEE5.1	IIb	B.1.1	2022-06	2022-06-01	2022-06-14	
PP_000TEF3.1	IIb	B.1	2022-06	2022-06-01	2022-06-14	
PP_000TEG1.1	IIb	B.1.2	2022-06	2022-06-01	2022-06-14	
PP_000TEHY.1	IIb	B.1	2022-06	2022-06-01	2022-06-14	
PP_000TEJW.1	IIb	B.1	2022-06	2022-06-01	2022-06-14	
PP_000TEKU.1	IIb	B.1	2022-06	2022-06-01	2022-06-14	
PP_000TELS.1	IIb	B.1.3	2022-06	2022-06-01	2022-06-14	
PP_000TEMQ.1	IIb	B.1.7	2022-06	2022-06-01	2022-06-14	
PP_000TENN.1	IIb	B.1.1	2022-06	2022-06-01	2022-06-14	
PP_000TEPL.1	IIb	B.1.3	2022-06	2022-06-01	2022-06-14	
PP_000TEQJ.1	IIb	B.1.1	2022-06	2022-06-01	2022-06-14	
PP_000TERG.1	IIb	B.1	2022-06	2022-06-01	2022-06-14	
PP_000TESE.1	IIb	B.1.5	2022-06	2022-06-01	2022-06-14	
PP_000TETC.1	IIb	B.1.7	2022-06	2022-06-01	2022-06-14	
PP_000TEUA.1	IIb	B.1.3	2022-06	2022-06-01	2022-06-14	
PP_000TEV8.1	IIb	B.1	2022-06	2022-06-01	2022-06-22	
PP_000TFG0.1	IIb	B.1.1	2022-06	2022-06-01	2022-06-22	
PP_000TFPK.1	IIb	B.1.1	2022-06	2022-06-01	2022-06-22	
PP_000TFW5.1	IIb	B.1.2	2022-06	2022-06-01	2022-06-22	
PP_000TG3R.1	IIb	B.1.7	2022-06	2022-06-01	2022-06-22	
PP_000TGD5.1	IIb	B.1.1	2022-06	2022-06-01	2022-06-22	
PP_000TGE3.1	IIb	B.1	2022-06	2022-06-01	2022-06-22	
PP_000TGF1.1	IIb	B.1.1	2022-06	2022-06-01	2022-06-22	
PP_000TGGZ.1	IIb	B.1	2022-06	2022-06-01	2022-06-22	
PP_000TGHW.1	IIb	B.1	2022-06	2022-06-01	2022-06-22	
PP_000TGJU.1	IIb	B.1.5	2022-06	2022-06-01	2022-06-22	
PP_000TGKS.1	IIb	B.1.2	2022-06	2022-06-01	2022-06-22	
PP_000TGLQ.1	IIb	B.1.2	2022-06	2022-06-01	2022-06-22	
PP_000TGMN.1	IIb	B.1.1	2022-06	2022-06-01	2022-06-22	
PP_000TGNL.1	IIb	B.1.1	2022-06	2022-06-01	2022-06-22	
PP_000TGPJ.1	IIb	B.1.1	2022-06	2022-06-01	2022-06-22	
PP_000TGQG.1	IIb	B.1	2022-06	2022-06-01	2022-06-22	
PP_000TGRE.1	IIb	B.1.1	2022-06	2022-06-01	2022-06-27	
PP_000TH5L.1	IIb	B.1.1	2022-06	2022-06-01	2022-06-27	
PP_000THC6.1	IIb	B.1	2022-06	2022-06-01	2022-06-27	
PP_000THHV.1	IIb	B.1.2	2022-06	2022-06-01	2022-06-27	
PP_000THJT.1	IIb	B.1.1	2022-06	2022-06-01	2022-06-27	
PP_000THKR.1	IIb	B.1.2	2022-06	2022-06-01	2022-06-27	
PP_000THLP.1	IIb	B.1.1	2022-06	2022-06-01	2022-06-27	
PP_000THMM.1	IIb	B.1.5	2022-06	2022-06-01	2022-06-27	
PP_000THNK.1	IIb	B.1	2022-06	2022-06-01	2022-06-27	
PP_000THPH.1	IIb	B.1.2	2022-06	2022-06-01	2022-06-27	
PP_000THQF.1	IIb	B.1.1	2022-06	2022-06-01	2022-06-27	
PP_000THRD.1	IIb	B.1.1	2022-06	2022-06-01	2022-06-27	
PP_000THSB.1	IIb	B.1.3	2022-06	2022-06-01	2022-06-27	
PP_000THT9.1	IIb	B.1.1	2022-06	2022-06-01	2022-06-27	
PP_000THU7.1	IIb	B.1.2	2022-06	2022-06-01	2022-06-27	
PP_000THV5.1	IIb	B.1.14	2022-06	2022-06-01	2022-06-27	
PP_000THW3.1	IIb	B.1.7	2022-06	2022-06-01	2022-06-27	
PP_000THX1.1	IIb	B.1	2022-06	2022-06-01	2022-06-27	
PP_000THYZ.1	IIb	B.1.5	2022-06	2022-06-01	2022-06-27	
PP_000THZX.1	IIb	B.1.1	2022-06	2022-06-01	2022-06-27	
PP_000TJ0V.1	IIb	B.1.3	2022-06	2022-06-01	2022-06-27	
PP_000TJ1T.1	IIb	B.1	2022-06	2022-06-01	2022-06-27	
PP_000TJ2R.1	IIb	B.1	2022-06	2022-06-01	2022-06-27	
PP_000TJ3P.1	IIb	B.1.1	2022-06	2022-06-01	2022-06-27	
PP_000TJ4M.1	IIb	B.1.1	2022-06	2022-06-01	2022-06-27	
PP_000TJ5K.1	IIb	B.1	2022-06	2022-06-01	2022-06-27	
PP_000TJ6H.1	IIb	B.1	2022-06	2022-06-01	2022-06-27	
PP_000TJ7F.1	IIb	B.1	2022-06	2022-06-01	2022-06-27	
PP_000TJ8D.1	IIb	B.1.1	2022-06	2022-06-01	2022-06-27	
PP_000TJ9B.1	IIb	B.1	2022-06	2022-06-01	2022-06-27	
PP_000TJA9.1	IIb	B.1	2022-06	2022-06-01	2022-06-27	
PP_000TJB7.1	IIb	B.1.1	2022-06	2022-06-01	2022-06-27	
PP_000TJC5.1	IIb	B.1.2	2022-06	2022-06-01	2022-06-27	
PP_000TJD3.1	IIb	B.1	2022-06	2022-06-01	2022-06-27	
PP_000TJQE.1	IIb	B.1.1	2022-07	2022-07-01	2022-07-06	
PP_000TL99.1	IIb	B.1.2	2022-07	2022-07-01	2022-07-06	
PP_000TLA7.1	IIb	B.1	2022-07	2022-07-01	2022-07-06	
PP_000TLB5.1	IIb	B.1.14	2022-07	2022-07-01	2022-07-06	
PP_000TLC3.1	IIb	B.1.8	2022-07	2022-07-01	2022-07-06	
PP_000TLD1.1	IIb	B.1.8	2022-07	2022-07-01	2022-07-06	
PP_000TLEZ.1	IIb	B.1	2022-07	2022-07-01	2022-07-06	
PP_000TLFX.1	IIb	B.1.1	2022-07	2022-07-01	2022-07-06	
PP_000TLGV.1	IIb	B.1	2022-07	2022-07-01	2022-07-06	
PP_000TLHS.1	IIb	B.1.1	2022-07	2022-07-01	2022-07-06	
PP_000TLJQ.1	IIb	B.1.2	2022-07	2022-07-01	2022-07-06	
PP_000TLKN.1	IIb	B.1	2022-07	2022-07-01	2022-07-06	
PP_000TLLL.1	IIb	B.1.1	2022-07	2022-07-01	2022-07-06	
PP_000TLMJ.1	IIb	B.1	2022-07	2022-07-01	2022-07-06	
PP_000TLNG.1	IIb	B.1	2022-07	2022-07-01	2022-07-06	
PP_000TLPE.1	IIb	B.1	2022-07	2022-07-01	2022-07-06	
PP_000TLQC.1	IIb	B.1.1	2022-07	2022-07-01	2022-07-06	
PP_000TLRA.1	IIb	B.1.2	2022-07	2022-07-01	2022-07-06	
PP_000TLS8.1	IIb	B.1.2	2022-07	2022-07-01	2022-07-06	
PP_000TLT6.1	IIb	B.1	2022-07	2022-07-01	2022-07-06	
PP_000TLU4.1	IIb	B.1.1	2022-07	2022-07-01	2022-07-06	
PP_000TLV2.1	IIb	B.1	2022-07	2022-07-01	2022-07-06	
PP_000TLW0.1	IIb	B.1.2	2022-07	2022-07-01	2022-07-06	
PP_000TLXY.1	IIb	B.1.1	2022-07	2022-07-01	2022-07-06	
PP_000TLYW.1	IIb	B.1	2022-07	2022-07-01	2022-07-06	
PP_000TLZU.1	IIb	B.1.2	2022-07	2022-07-01	2022-07-06	
PP_000TM0S.1	IIb	B.1	2022-07	2022-07-01	2022-07-06	
PP_000TM1Q.1	IIb	B.1.1	2022-07	2022-07-01	2022-07-06	
PP_000TM2N.1	IIb	B.1.1	2022-07	2022-07-01	2022-07-06	
PP_000TM3L.1	IIb	B.1	2022-07	2022-07-01	2022-07-06	
PP_000TM4J.1	IIb	B.1.1	2022-07	2022-07-01	2022-07-06	
PP_000TM5G.1	IIb	B.1	2022-07	2022-07-01	2022-07-06	
PP_000TM6E.1	IIb	B.1.8	2022-07	2022-07-01	2022-07-06	
PP_000TM7C.1	IIb	B.1.2	2022-07	2022-07-01	2022-07-06	
PP_000TM8A.1	IIb	B.1	2022-07	2022-07-01	2022-07-06	
PP_000TMJP.1	IIb	B.1	2022-07	2022-07-01	2022-07-11	
PP_000TMKM.1	IIb	B.1.2	2022-07	2022-07-01	2022-07-11	
PP_000TMLK.1	IIb	B.1.2	2022-07	2022-07-01	2022-07-11	
PP_000TMMH.1	IIb	B.1	2022-07	2022-07-01	2022-07-11	
PP_000TMNF.1	IIb	B.1	2022-07	2022-07-01	2022-07-11	
PP_000TMQB.1	IIb	B.1.5	2022-07	2022-07-01	2022-07-11	
PP_000TMR9.1	IIb	B.1	2022-07	2022-07-01	2022-07-11	
PP_000TMS7.1	IIb	B.1.2	2022-07	2022-07-01	2022-07-11	
PP_000TMT5.1	IIb	B.1	2022-07	2022-07-01	2022-07-11	
PP_000TMU3.1	IIb	B.1	2022-07	2022-07-01	2022-07-11	
PP_000TMV1.1	IIb	B.1	2022-07	2022-07-01	2022-07-11	
PP_000TMWZ.1	IIb	B.1	2022-07	2022-07-01	2022-07-11	
PP_000TMXX.1	IIb	B.1	2022-07	2022-07-01	2022-07-11	
PP_000TMYV.1	IIb	B.1	2022-07	2022-07-01	2022-07-11	
PP_000TMZT.1	IIb	B.1	2022-07	2022-07-01	2022-07-11	
PP_000TN0R.1	IIb	B.1	2022-07	2022-07-01	2022-07-11	
PP_000TN1P.1	IIb	B.1	2022-07	2022-07-01	2022-07-11	
PP_000TN2M.1	IIb	B.1.8	2022-07	2022-07-01	2022-07-11	
PP_000TN3K.1	IIb	B.1.2	2022-07	2022-07-01	2022-07-11	
PP_000TN4H.1	IIb	B.1.1	2022-07	2022-07-01	2022-07-11	
PP_000TN5F.1	IIb	B.1.14	2022-07	2022-07-01	2022-07-11	
PP_000TN6D.1	IIb	B.1.5	2022-07	2022-07-01	2022-07-11	
PP_000TN7B.1	IIb	B.1	2022-07	2022-07-01	2022-07-11	
PP_000TN89.1	IIb	B.1.7	2022-07	2022-07-01	2022-07-11	
PP_000TN97.1	IIb	B.1.5	2022-07	2022-07-01	2022-07-11	
PP_000TNA5.1	IIb	B.1	2022-07	2022-07-01	2022-07-11	
PP_000TNB3.1	IIb	B.1.5	2022-07	2022-07-01	2022-07-11	
PP_000TNC1.1	IIb	B.1.1	2022-07	2022-07-01	2022-07-11	
PP_000TNDZ.1	IIb	B.1.8	2022-07	2022-07-01	2022-07-11	
PP_000TNS6.1	IIb	B.1.1	2022-07	2022-07-01	2022-07-19	
PP_000TP96.1	IIb	B.1.2	2022-07	2022-07-01	2022-07-19	
PP_000TPA4.1	IIb	B.1.1	2022-07	2022-07-01	2022-07-19	
PP_000TPB2.1	IIb	B.1	2022-07	2022-07-01	2022-07-19	
PP_000TPC0.1	IIb	B.1.2	2022-07	2022-07-01	2022-07-19	
PP_000TPDY.1	IIb	B.1.2	2022-07	2022-07-01	2022-07-19	
PP_000TPEW.1	IIb	B.1	2022-07	2022-07-01	2022-07-19	
PP_000TPFU.1	IIb	B.1	2022-07	2022-07-01	2022-07-19	
PP_000TPGS.1	IIb	B.1	2022-07	2022-07-01	2022-07-19	
PP_000TPHP.1	IIb	B.1	2022-07	2022-07-01	2022-07-19	
PP_000TPJM.1	IIb	B.1	2022-07	2022-07-01	2022-07-19	
PP_000TPKK.1	IIb	B.1.1	2022-07	2022-07-01	2022-07-19	
PP_000TPLH.1	IIb	B.1.8	2022-07	2022-07-01	2022-07-19	
PP_000TPMF.1	IIb	B.1	2022-07	2022-07-01	2022-07-19	
PP_000TPND.1	IIb	B.1.8	2022-07	2022-07-01	2022-07-19	
PP_000TPPB.1	IIb	B.1.8	2022-07	2022-07-01	2022-07-19	
PP_000TPQ9.1	IIb	B.1.14	2022-07	2022-07-01	2022-07-19	
PP_000TPR7.1	IIb	B.1.1	2022-07	2022-07-01	2022-07-19	
PP_000TPS5.1	IIb	B.1.1	2022-07	2022-07-01	2022-07-19	
PP_000TPT3.1	IIb	B.1	2022-07	2022-07-01	2022-07-19	
PP_000TUR2.1	IIb	B.1	2022-08	2022-08-01	2022-08-12	
PP_000TUS0.1	IIb	B.1	2022-08	2022-08-01	2022-08-12	
PP_000TUTY.1	IIb	B.1	2022-08	2022-08-01	2022-08-12	
PP_000TUUW.1	IIb	B.1.1	2022-08	2022-08-01	2022-08-12	
PP_000TUVU.1	IIb	B.1.2	2022-08	2022-08-01	2022-08-12	
PP_000TUWS.1	IIb	B.1	2022-08	2022-08-01	2022-08-12	
PP_000TUXQ.1	IIb	B.1	2022-08	2022-08-01	2022-08-12	
PP_000TUYN.1	IIb	B.1.8	2022-08	2022-08-01	2022-08-12	
PP_000TUZL.1	IIb	B.1.1	2022-08	2022-08-01	2022-08-12	
PP_000TV0J.1	IIb	B.1	2022-08	2022-08-01	2022-08-12	
PP_000TV1G.1	IIb	B.1.7	2022-08	2022-08-01	2022-08-12	
PP_000TV3C.1	IIb	B.1.8	2022-08	2022-08-01	2022-08-12	
PP_000TV4A.1	IIb	B.1.8	2022-08	2022-08-01	2022-08-17	
PP_000TV58.1	IIb	B.1	2022-08	2022-08-01	2022-08-17	
PP_000TV66.1	IIb	B.1	2022-08	2022-08-01	2022-08-17	
PP_000TV74.1	IIb	B.1.5	2022-08	2022-08-01	2022-08-17	
PP_000TV82.1	IIb	B.1	2022-08	2022-08-01	2022-08-17	
PP_000TV90.1	IIb	B.1	2022-08	2022-08-01	2022-08-17	
PP_000TVBW.1	IIb	B.1	2022-08	2022-08-01	2022-08-17	
PP_000TVCU.1	IIb	B.1.1	2022-08	2022-08-01	2022-08-17	
PP_000TVDS.1	IIb	B.1.8	2022-08	2022-08-01	2022-08-17	
PP_000TVEQ.1	IIb	B.1.5	2022-08	2022-08-01	2022-08-17	
PP_000TVFN.1	IIb	B.1.10	2022-08	2022-08-01	2022-08-17	
PP_000TVGL.1	IIb	B.1	2022-08	2022-08-01	2022-08-17	
PP_000TVHH.1	IIb	B.1	2022-08	2022-08-01	2022-08-17	
PP_000TVKD.1	IIb	B.1	2022-08	2022-08-01	2022-08-17	
PP_000TVLB.1	IIb	B.1	2022-08	2022-08-01	2022-08-17	
PP_000TVM9.1	IIb	B.1	2022-08	2022-08-01	2022-08-17	
PP_000TVN7.1	IIb	B.1.8	2022-08	2022-08-01	2022-08-17	
PP_000TVP5.1	IIb	B.1	2022-08	2022-08-01	2022-08-17	
PP_000TVQ3.1	IIb	B.1	2022-08	2022-08-01	2022-08-17	
PP_000TVR1.1	IIb	B.1.2	2022-08	2022-08-01	2022-08-17	
PP_000TVSZ.1	IIb	B.1	2022-08	2022-08-01	2022-08-17	
PP_000TVTX.1	IIb	B.1	2022-08	2022-08-01	2022-08-17	
PP_000TVUV.1	IIb	B.1	2022-08	2022-08-01	2022-08-17	
PP_000TVVT.1	IIb	B.1	2022-08	2022-08-01	2022-08-17	
PP_000TVWR.1	IIb	B.1	2022-08	2022-08-01	2022-08-17	
PP_000TVXP.1	IIb	B.1	2022-08	2022-08-01	2022-08-17	
PP_000TVYM.1	IIb	B.1.1	2022-08	2022-08-01	2022-08-17	
PP_000TVZK.1	IIb	B.1.7	2022-08	2022-08-01	2022-08-17	
PP_000TW0H.1	IIb	B.1	2022-08	2022-08-01	2022-08-17	
PP_000TW1F.1	IIb	B.1.1	2022-08	2022-08-01	2022-08-17	
PP_000TW2D.1	IIb	B.1	2022-08	2022-08-01	2022-08-17	
PP_000TW3B.1	IIb	B.1.1	2022-08	2022-08-01	2022-08-17	
PP_000TW49.1	IIb	B.1.1	2022-08	2022-08-01	2022-08-17	
PP_000TW57.1	IIb	B.1	2022-08	2022-08-01	2022-08-17	
PP_000TW65.1	IIb	B.1.3	2022-08	2022-08-01	2022-08-17	
PP_000TW73.1	IIb	B.1	2022-08	2022-08-01	2022-08-17	
PP_000TW81.1	IIb	B.1.1	2022-08	2022-08-01	2022-08-17	
PP_000TW9Z.1	IIb	B.1	2022-08	2022-08-01	2022-08-17	
PP_000TWAX.1	IIb	B.1	2022-08	2022-08-01	2022-08-17	
PP_000TWBV.1	IIb	B.1.1	2022-08	2022-08-01	2022-08-17	
PP_000TWCT.1	IIb	B.1.2	2022-08	2022-08-01	2022-08-17	
PP_000TWDR.1	IIb	B.1.2	2022-08	2022-08-01	2022-08-17	
PP_000TWEP.1	IIb	B.1	2022-08	2022-08-01	2022-08-17	
PP_000TWFM.1	IIb	B.1	2022-08	2022-08-01	2022-08-17	
PP_000TWGK.1	IIb	B.1	2022-08	2022-08-01	2022-08-17	
PP_000TWHG.1	IIb	B.1	2022-08	2022-08-01	2022-08-17	
PP_000TWJE.1	IIb	B.1.2	2022-08	2022-08-01	2022-08-17	
PP_000TWKC.1	IIb	B.1	2022-08	2022-08-01	2022-08-17	
PP_000TWLA.1	IIb	B.1	2022-08	2022-08-01	2022-08-17	
PP_000TWM8.1	IIb	B.1.14	2022-08	2022-08-01	2022-08-17	
PP_000TWN6.1	IIb	B.1	2022-08	2022-08-01	2022-08-17	
PP_000TWP4.1	IIb	B.1.1	2022-08	2022-08-01	2022-08-17	
PP_000TWQ2.1	IIb	B.1.1	2022-08	2022-08-01	2022-08-17	
PP_000TWR0.1	IIb	B.1	2022-08	2022-08-01	2022-08-17	
PP_000TWSY.1	IIb	B.1	2022-08	2022-08-01	2022-08-17	
PP_000TWTW.1	IIb	B.1	2022-08	2022-08-01	2022-08-17	
PP_000TWUU.1	IIb	B.1.1	2022-08	2022-08-01	2022-08-17	
PP_000TWVS.1	IIb	B.1.3	2022-08	2022-08-01	2022-08-17	
PP_000TWWQ.1	IIb	B.1.2	2022-08	2022-08-01	2022-08-17	
PP_000TWXN.1	IIb	B.1	2022-08	2022-08-01	2022-08-17	
PP_000TWZJ.1	IIb	B.1.8	2022-08	2022-08-01	2022-08-17	
PP_000TX0G.1	IIb	B.1	2022-08	2022-08-01	2022-08-17	
PP_000TX1E.1	IIb	B.1.1	2022-08	2022-08-01	2022-08-17	
PP_000TX2C.1	IIb	B.1.2	2022-08	2022-08-01	2022-08-17	
PP_000TX3A.1	IIb	B.1.2	2022-08	2022-08-01	2022-08-17	
PP_000TX48.1	IIb	B.1	2022-08	2022-08-01	2022-08-17	
PP_000TX56.1	IIb	B.1	2022-08	2022-08-01	2022-08-17	
PP_000TX64.1	IIb	B.1	2022-08	2022-08-01	2022-08-17	
PP_000TX72.1	IIb	B.1	2022-08	2022-08-01	2022-08-17	
PP_000TX80.1	IIb	B.1	2022-08	2022-08-01	2022-08-17	
PP_000TX9Y.1	IIb	B.1	2022-08	2022-08-01	2022-08-17	
PP_000TXAW.1	IIb	B.1.1	2022-08	2022-08-01	2022-08-17	
PP_000TXBU.1	IIb	B.1.3	2022-08	2022-08-01	2022-08-17	
PP_000U027.1	IIb	B.1	2022-08	2022-08-01	2022-08-19	
PP_000U035.1	IIb	B.1	2022-08	2022-08-01	2022-08-19	
PP_000U043.1	IIb	B.1	2022-08	2022-08-01	2022-08-19	
PP_000U051.1	IIb	B.1	2022-08	2022-08-01	2022-08-19	
PP_000U06Z.1	IIb	B.1.8	2022-08	2022-08-01	2022-08-19	
PP_000U07X.1	IIb	B.1	2022-08	2022-08-01	2022-08-19	
PP_000U08V.1	IIb	B.1	2022-08	2022-08-01	2022-08-19	
PP_000U09T.1	IIb	B.1.7	2022-08	2022-08-01	2022-08-19	
PP_000U0AR.1	IIb	B.1	2022-08	2022-08-01	2022-08-19	
PP_000U0BP.1	IIb	B.1	2022-08	2022-08-01	2022-08-19	
PP_000U0CM.1	IIb	B.1.2	2022-08	2022-08-01	2022-08-19	
PP_000U0N0.1	IIb	B.1.1	2022-08	2022-08-01	2022-08-22	
PP_000U0PY.1	IIb	B.1.2	2022-08	2022-08-01	2022-08-22	
PP_000U0QW.1	IIb	B.1.8	2022-08	2022-08-01	2022-08-22	
PP_000U0RU.1	IIb	B.1.2	2022-08	2022-08-01	2022-08-22	
PP_000U0SS.1	IIb	B.1.2	2022-08	2022-08-01	2022-08-22	
PP_000U0TQ.1	IIb	B.1.13	2022-08	2022-08-01	2022-08-22	
PP_000U0UN.1	IIb	B.1.3	2022-08	2022-08-01	2022-08-22	
PP_000U5DE.1	IIb	B.1.1	2022-08	2022-08-01	2022-08-30	
PP_000U5LZ.1	IIb	B.1	2022-08	2022-08-01	2022-08-30	
PP_000U5TK.1	IIb	B.1	2022-08	2022-08-01	2022-08-30	
PP_000U605.1	IIb	B.1.1	2022-08	2022-08-01	2022-08-30	
PP_000U67R.1	IIb	B.1	2022-08	2022-08-01	2022-08-30	
PP_000U6EB.1	IIb	B.1	2022-08	2022-08-01	2022-08-30	
PP_000U6K0.1	IIb	B.1.2	2022-06-18	2022-06-18	2022-06-18	
PP_000U6NU.1	IIb	B.1	2022-08	2022-08-01	2022-08-30	
PP_000U6PS.1	IIb	B.1	2022-08	2022-08-01	2022-08-30	
PP_000U6QQ.1	IIb	B.1.5	2022-08	2022-08-01	2022-08-30	
PP_000U6RN.1	IIb	B.1	2022-08	2022-08-01	2022-08-30	
PP_000U6SL.1	IIb	B.1	2022-08	2022-08-01	2022-08-30	
PP_000U75U.1	IIb	B.1.5	2022-08	2022-08-01	2022-08-31	
PP_000U76S.1	IIb	B.1.14	2022-08	2022-08-01	2022-08-31	
PP_000U77Q.1	IIb	B.1.1	2022-08	2022-08-01	2022-08-31	
PP_000U78N.1	IIb	B.1.1	2022-08	2022-08-01	2022-08-31	
PP_000U79L.1	IIb	B.1	2022-08	2022-08-01	2022-08-31	
PP_000U7BG.1	IIb	B.1.2	2022-08	2022-08-01	2022-08-31	
PP_000U7CE.1	IIb	B.1.1	2022-08	2022-08-01	2022-08-31	
PP_000U7DC.1	IIb	B.1.14	2022-08	2022-08-01	2022-08-31	
PP_000U7EA.1	IIb	B.1.3	2022-08	2022-08-01	2022-08-31	
PP_000U7F8.1	IIb	B.1.1	2022-08	2022-08-01	2022-08-31	
PP_000U7G6.1	IIb	B.1.14	2022-08	2022-08-01	2022-08-31	
PP_000U7H3.1	IIb	B.1.2	2022-08	2022-08-01	2022-08-31	
PP_000U7J1.1	IIb	B.1.2	2022-08	2022-08-01	2022-08-31	
PP_000U7KZ.1	IIb	B.1.7	2022-08	2022-08-01	2022-08-31	
PP_000U7LX.1	IIb	B.1.7	2022-08	2022-08-01	2022-08-31	
PP_000U7MV.1	IIb	B.1.8	2022-08	2022-08-01	2022-08-31	
PP_000U7NT.1	IIb	B.1.1	2022-08	2022-08-01	2022-08-31	
PP_000U7PR.1	IIb	B.1	2022-08	2022-08-01	2022-08-31	
PP_000U7QP.1	IIb	B.1.1	2022-08	2022-08-01	2022-08-31	
PP_000U7RM.1	IIb	B.1	2022-08	2022-08-01	2022-08-31	
PP_000U7SK.1	IIb	B.1.5	2022-08	2022-08-01	2022-08-31	
PP_000U7UF.1	IIb	B.1.1	2022-09	2022-09-01	2022-09-06	
PP_000U7VD.1	IIb	B.1	2022-09	2022-09-01	2022-09-06	
PP_000U7WB.1	IIb	B.1	2022-09	2022-09-01	2022-09-06	
PP_000U7X9.1	IIb	B.1	2022-09	2022-09-01	2022-09-06	
PP_000U7Y7.1	IIb	B.1	2022-09	2022-09-01	2022-09-06	
PP_000U7Z5.1	IIb	B.1.5	2022-09	2022-09-01	2022-09-06	
PP_000U803.1	IIb	B.1	2022-09	2022-09-01	2022-09-06	
PP_000UPMD.1	IIb	B.1.1	2022-09	2022-09-01	2022-09-21	
PP_000UPNB.1	IIb	B.1.8	2022-09	2022-09-01	2022-09-21	
PP_000UPP9.1	IIb	B.1.2	2022-09	2022-09-01	2022-09-21	
PP_000UPQ7.1	IIb	B.1	2022-09	2022-09-01	2022-09-21	
PP_000UPS3.1	IIb	B.1.14	2022-09	2022-09-01	2022-09-21	
PP_000UPT1.1	IIb	B.1.2	2022-09	2022-09-01	2022-09-21	
PP_000UPUZ.1	IIb	B.1.1	2022-09	2022-09-01	2022-09-21	
PP_000UPVX.1	IIb	B.1	2022-09	2022-09-01	2022-09-21	
PP_000UPWV.1	IIb	B.1.1	2022-09	2022-09-01	2022-09-21	
PP_000UPXT.1	IIb	B.1.1	2022-09	2022-09-01	2022-09-21	
PP_000UPYR.1	IIb	B.1.15	2022-09	2022-09-01	2022-09-21	
PP_000UPZP.1	IIb	B.1	2022-09	2022-09-01	2022-09-21	
PP_000UQ0M.1	IIb	B.1	2022-09	2022-09-01	2022-09-21	
PP_000UQ1K.1	IIb	B.1	2022-09	2022-09-01	2022-09-21	
PP_000UQ2H.1	IIb	B.1	2022-09	2022-09-01	2022-09-21	
PP_000UQ3F.1	IIb	B.1	2022-09	2022-09-01	2022-09-21	
PP_000UQ4D.1	IIb	B.1.8	2022-09	2022-09-01	2022-09-21	
PP_000UQ5B.1	IIb	B.1	2022-09	2022-09-01	2022-09-21	
PP_000UQ69.1	IIb	B.1	2022-09	2022-09-01	2022-09-21	
PP_000UQ77.1	IIb	B.1	2022-09	2022-09-01	2022-09-21	
PP_000UQ85.1	IIb	B.1.10	2022-09	2022-09-01	2022-09-21	
PP_000UQ93.1	IIb	B.1.1	2022-09	2022-09-01	2022-09-21	
PP_000UQA1.1	IIb	B.1	2022-09	2022-09-01	2022-09-21	
PP_000UQBZ.1	IIb	B.1	2022-09	2022-09-01	2022-09-21	
PP_000UQCX.1	IIb	B.1.1	2022-09	2022-09-01	2022-09-21	
PP_000UQDV.1	IIb	B.1	2022-09	2022-09-01	2022-09-21	
PP_000UQET.1	IIb	B.1	2022-09	2022-09-01	2022-09-21	
PP_000UQFR.1	IIb	B.1	2022-09	2022-09-01	2022-09-21	
PP_000UQGP.1	IIb	B.1	2022-09	2022-09-01	2022-09-21	
PP_000UQHL.1	IIb	B.1.3	2022-09	2022-09-01	2022-09-21	
PP_000UQJJ.1	IIb	B.1	2022-09	2022-09-01	2022-09-21	
PP_000UQKG.1	IIb	B.1.10	2022-09	2022-09-01	2022-09-21	
PP_000UQLE.1	IIb	B.1.1	2022-09	2022-09-01	2022-09-21	
PP_000UQMC.1	IIb	B.1.2	2022-09	2022-09-01	2022-09-21	
PP_000UQNA.1	IIb	B.1	2022-09	2022-09-01	2022-09-22	
PP_000UQP8.1	IIb	B.1	2022-09	2022-09-01	2022-09-22	
PP_000UQQ6.1	IIb	B.1	2022-09	2022-09-01	2022-09-22	
PP_000UQR4.1	IIb	B.1	2022-09	2022-09-01	2022-09-22	
PP_000UQS2.1	IIb	B.1	2022-09	2022-09-01	2022-09-22	
PP_000UQT0.1	IIb	B.1.2	2022-09	2022-09-01	2022-09-22	
PP_000UQUY.1	IIb	B.1	2022-09	2022-09-01	2022-09-22	
PP_000UQVW.1	IIb	B.1	2022-09	2022-09-01	2022-09-22	
PP_000UQWU.1	IIb	B.1	2022-09	2022-09-01	2022-09-22	
PP_000UQXS.1	IIb	B.1.14	2022-09	2022-09-01	2022-09-22	
PP_000UQYQ.1	IIb	B.1.5	2022-09	2022-09-01	2022-09-26	
PP_000UQZN.1	IIb	B.1.1	2022-09	2022-09-01	2022-09-26	
PP_000UR0L.1	IIb	B.1	2022-09	2022-09-01	2022-09-26	
PP_000UR1J.1	IIb	B.1.2	2022-09	2022-09-01	2022-09-26	
PP_000UR2G.1	IIb	B.1.7	2022-09	2022-09-01	2022-09-26	
PP_000UR3E.1	IIb	B.1	2022-09	2022-09-01	2022-09-26	
PP_000UR4C.1	IIb	B.1	2022-09	2022-09-01	2022-09-26	
PP_000UR5A.1	IIb	B.1	2022-09	2022-09-01	2022-09-26	
PP_000UR68.1	IIb	B.1	2022-09	2022-09-01	2022-09-26	
PP_000UR76.1	IIb	B.1	2022-09	2022-09-01	2022-09-26	
PP_000UR84.1	IIb	B.1.14	2022-09	2022-09-01	2022-09-26	
PP_000UR92.1	IIb	B.1.1	2022-09	2022-09-01	2022-09-26	
PP_000URA0.1	IIb	B.1	2022-09	2022-09-01	2022-09-26	
PP_000URBY.1	IIb	B.1	2022-09	2022-09-01	2022-09-26	
PP_000URCW.1	IIb	B.1	2022-09	2022-09-01	2022-09-26	
PP_000URDU.1	IIb	B.1.3	2022-09	2022-09-01	2022-09-26	
PP_000URES.1	IIb	B.1	2022-09	2022-09-01	2022-09-26	
PP_000URFQ.1	IIb	B.1.1	2022-09	2022-09-01	2022-09-26	
PP_000URGN.1	IIb	B.1.1	2022-09	2022-09-01	2022-09-26	
PP_000URHK.1	IIb	B.1.1	2022-09	2022-09-01	2022-09-26	
PP_000URJH.1	IIb	B.1.7	2022-09	2022-09-01	2022-09-26	
PP_000URKF.1	IIb	B.1	2022-09	2022-09-01	2022-09-26	
PP_000URLD.1	IIb	B.1.12	2022-09	2022-09-01	2022-09-26	
PP_000URMB.1	IIb	B.1	2022-09	2022-09-01	2022-09-26	
PP_000URN9.1	IIb	B.1.1	2022-09	2022-09-01	2022-09-26	
PP_000URP7.1	IIb	B.1.1	2022-09	2022-09-01	2022-09-26	
PP_000URQ5.1	IIb	B.1.1	2022-09	2022-09-01	2022-09-26	
PP_000URR3.1	IIb	B.1.11	2022-09	2022-09-01	2022-09-26	
PP_000URS1.1	IIb	B.1.3	2022-09	2022-09-01	2022-09-26	
PP_000URTZ.1	IIb	B.1.5	2022-09	2022-09-01	2022-09-26	
PP_000URUX.1	IIb	B.1	2022-09	2022-09-01	2022-09-26	
PP_000URVV.1	IIb	B.1	2022-09	2022-09-01	2022-09-26	
PP_000URWT.1	IIb	B.1	2022-09	2022-09-01	2022-09-26	
PP_000URXR.1	IIb	B.1	2022-09	2022-09-01	2022-09-26	
PP_000V73W.1	IIb	B.1	2022-09	2022-09-01	2022-09-30	
PP_000V74U.1	IIb	B.1	2022-09	2022-09-01	2022-09-30	
PP_000V75S.1	IIb	B.1	2022-09	2022-09-01	2022-09-30	
PP_000V76Q.1	IIb	B.1	2022-09	2022-09-01	2022-09-30	
PP_000V77N.1	IIb	B.1	2022-09	2022-09-01	2022-09-30	
PP_000V78L.1	IIb	B.1	2022-09	2022-09-01	2022-09-30	
PP_000V79J.1	IIb	B.1.3	2022-09	2022-09-01	2022-09-30	
PP_000V7AG.1	IIb	B.1	2022-09	2022-09-01	2022-09-30	
PP_000V7BE.1	IIb	B.1	2022-09	2022-09-01	2022-09-30	
PP_000V7CC.1	IIb	B.1	2022-09	2022-09-01	2022-09-30	
PP_000V7DA.1	IIb	B.1.1	2022-09	2022-09-01	2022-09-30	
PP_000V7G4.1	IIb	B.1.2	2022-09	2022-09-01	2022-09-30	
PP_000V7H1.1	IIb	B.1.1	2022-09	2022-09-01	2022-09-30	
PP_000V7JZ.1	IIb	B.1	2022-09	2022-09-01	2022-09-30	
PP_000V7KX.1	IIb	B.1	2022-09	2022-09-01	2022-09-30	
PP_000V7LV.1	IIb	B.1	2022-09	2022-09-01	2022-09-30	
PP_000V7MT.1	IIb	B.1.2	2022-09	2022-09-01	2022-09-30	
PP_000V7NR.1	IIb	B.1	2022-09	2022-09-01	2022-09-30	
PP_000V7PP.1	IIb	B.1.10	2022-09	2022-09-01	2022-09-30	
PP_000V7QM.1	IIb	B.1	2022-09	2022-09-01	2022-09-30	
PP_000V7RK.1	IIb	B.1	2022-09	2022-09-01	2022-09-30	
PP_000V7SH.1	IIb	B.1	2022-09	2022-09-01	2022-09-30	
PP_000V7TF.1	IIb	B.1	2022-09	2022-09-01	2022-09-30	
PP_000V7UD.1	IIb	B.1	2022-09	2022-09-01	2022-09-30	
PP_000V7VB.1	IIb	B.1	2022-09	2022-09-01	2022-09-30	
PP_000V7W9.1	IIb	B.1	2022-09	2022-09-01	2022-09-30	
PP_000V7X7.1	IIb	B.1.1	2022-09	2022-09-01	2022-09-30	
PP_000V7Y5.1	IIb	B.1.8	2022-09	2022-09-01	2022-09-30	
PP_000V7Z3.1	IIb	B.1.3	2022-09	2022-09-01	2022-09-30	
PP_000V801.1	IIb	B.1.5	2022-09	2022-09-01	2022-09-30	
PP_000V81Z.1	IIb	B.1.5	2022-09	2022-09-01	2022-09-30	
PP_000V82X.1	IIb	B.1	2022-09	2022-09-01	2022-09-30	
PP_000V83V.1	IIb	B.1	2022-09	2022-09-01	2022-09-30	
PP_000V84T.1	IIb	B.1	2022-09	2022-09-01	2022-09-30	
PP_000VCLQ.1	IIb	B.1	2022-09	2022-09-01	2022-09-30	
PP_000VCMN.1	IIb	B.1.3	2022-09	2022-09-01	2022-09-30	
PP_000VCNL.1	IIb	B.1	2022-09	2022-09-01	2022-09-30	
PP_000VCPJ.1	IIb	B.1	2022-09	2022-09-01	2022-09-30	
PP_000VCQG.1	IIb	B.1	2022-09	2022-09-01	2022-09-30	
PP_000VCRE.1	IIb	B.1.2	2022-09	2022-09-01	2022-09-30	
PP_000VCSC.1	IIb	B.1	2022-09	2022-09-01	2022-09-30	
PP_000VCTA.1	IIb	B.1	2022-09	2022-09-01	2022-09-30	
PP_000VCU8.1	IIb	B.1.1	2022-09	2022-09-01	2022-09-30	
PP_000VCV6.1	IIb	B.1.1	2022-09	2022-09-01	2022-09-30	
PP_000VCW4.1	IIb	B.1.1	2022-09	2022-09-01	2022-09-30	
PP_000VCX2.1	IIb	B.1	2022-09	2022-09-01	2022-09-30	
PP_000VCY0.1	IIb	B.1	2022-09	2022-09-01	2022-09-30	
PP_000VCZY.1	IIb	B.1	2022-09	2022-09-01	2022-09-30	
PP_000VD0W.1	IIb	B.1.2	2022-09	2022-09-01	2022-09-30	
PP_000VD1U.1	IIb	B.1.1	2022-09	2022-09-01	2022-09-30	
PP_000VD2S.1	IIb	B.1.1	2022-09	2022-09-01	2022-09-30	
PP_000VD3Q.1	IIb	B.1.8	2022-09	2022-09-01	2022-09-30	
PP_000VD4N.1	IIb	B.1	2022-09	2022-09-01	2022-09-30	
PP_000VD5L.1	IIb	B.1.7	2022-09	2022-09-01	2022-09-30	
PP_000VD6J.1	IIb	B.1	2022-09	2022-09-01	2022-09-30	
PP_000VDD4.1	IIb	B.1.5	2022-06	2022-06-01	2022-06-30	
PP_000VDE2.1	IIb	B.1	2022-06	2022-06-01	2022-06-30	
PP_000VDF0.1	IIb	B.1.1	2022-06	2022-06-01	2022-06-30	
PP_000VDGY.1	IIb	B.1	2022-07	2022-07-01	2022-07-31	
PP_000VDHV.1	IIb	B.1.14	2022-07	2022-07-01	2022-07-31	
PP_000VDKR.1	IIb	B.1	2022-07	2022-07-01	2022-07-31	
PP_000VDLP.1	IIb	B.1.1	2022-07	2022-07-01	2022-07-31	
PP_000VDMM.1	IIb	B.1.1	2022-07	2022-07-01	2022-07-31	
PP_000VDNK.1	IIb	B.1.2	2022-07	2022-07-01	2022-07-31	
PP_000VDPH.1	IIb	B.1	2022-07	2022-07-01	2022-07-31	
PP_000VDQF.1	IIb	B.1	2022-07	2022-07-01	2022-07-31	
PP_000VDRD.1	IIb	B.1.1	2022-07	2022-07-01	2022-07-31	
PP_000VDSB.1	IIb	B.1	2022-07	2022-07-01	2022-07-31	
PP_000VDT9.1	IIb	B.1	2022-07	2022-07-01	2022-07-31	
PP_000VDU7.1	IIb	B.1	2022-07	2022-07-01	2022-07-31	
PP_000VDV5.1	IIb	B.1	2022-07	2022-07-01	2022-07-31	
PP_000VDW3.1	IIb	B.1	2022-07	2022-07-01	2022-07-31	
PP_000VDX1.1	IIb	B.1	2022-07	2022-07-01	2022-07-31	
PP_000VDYZ.1	IIb	B.1	2022-07	2022-07-01	2022-07-31	
PP_000VDZX.1	IIb	B.1.5	2022-07	2022-07-01	2022-07-31	
PP_000VE0V.1	IIb	B.1.1	2022-07	2022-07-01	2022-07-31	
PP_000VE1T.1	IIb	B.1.2	2022-07	2022-07-01	2022-07-31	
PP_000VE2R.1	IIb	B.1	2022-07	2022-07-01	2022-07-31	
PP_000VE3P.1	IIb	B.1	2022-07	2022-07-01	2022-07-31	
PP_000VE4M.1	IIb	B.1.1	2022-07	2022-07-01	2022-07-31	
PP_000VE5K.1	IIb	B.1.8	2022-07	2022-07-01	2022-07-31	
PP_000VE6H.1	IIb	B.1.8	2022-07	2022-07-01	2022-07-31	
PP_000VE7F.1	IIb	B.1.2	2022-07	2022-07-01	2022-07-31	
PP_000VE8D.1	IIb	B.1.1	2022-07	2022-07-01	2022-07-31	
PP_000VE9B.1	IIb	B.1.7	2022-07	2022-07-01	2022-07-31	
PP_000VEA9.1	IIb	B.1.5	2022-09	2022-09-01	2022-09-30	
PP_000VEB7.1	IIb	B.1.4	2022-09	2022-09-01	2022-09-30	
PP_000VEC5.1	IIb	B.1.8	2022-09	2022-09-01	2022-09-30	
PP_000VED3.1	IIb	B.1.1	2022-09	2022-09-01	2022-09-30	
PP_000VEE1.1	IIb	B.1	2022-09	2022-09-01	2022-09-30	
PP_000VEFZ.1	IIb	B.1.5	2022-09	2022-09-01	2022-09-30	
PP_000VK4G.1	IIb	B.1	2022-08	2022-08-01	2022-08-31	
PP_000VKHP.1	IIb	B.1	2022-08	2022-08-01	2022-08-31	
PP_000VKJM.1	IIb	B.1	2022-08	2022-08-01	2022-08-31	
PP_000VKKK.1	IIb	B.1	2022-08	2022-08-01	2022-08-31	
PP_000VKLH.1	IIb	B.1	2022-09	2022-09-01	2022-09-30	
PP_000VKMF.1	IIb	B.1.14	2022-09	2022-09-01	2022-09-30	
PP_000VKND.1	IIb	B.1	2022-09	2022-09-01	2022-09-30	
PP_000VKPB.1	IIb	B.1.1	2022-09	2022-09-01	2022-09-30	
PP_000VKQ9.1	IIb	B.1	2022-10	2022-10-01	2022-10-20	
PP_000VKR7.1	IIb	B.1.10	2022-10	2022-10-01	2022-10-20	
PP_000VKS5.1	IIb	B.1	2022-10	2022-10-01	2022-10-20	
PP_000VKT3.1	IIb	B.1	2022-06	2022-06-01	2022-06-30	
PP_000VKU1.1	IIb	B.1	2022-06	2022-06-01	2022-06-30	
PP_000VKVZ.1	IIb	B.1.1	2022-06	2022-06-01	2022-06-30	
PP_000VKWX.1	IIb	B.1	2022-06	2022-06-01	2022-06-30	
PP_000VKXV.1	IIb	B.1	2022-06	2022-06-01	2022-06-30	
PP_000VKYT.1	IIb	B.1.2	2022-06	2022-06-01	2022-06-30	
PP_000VKZR.1	IIb	B.1	2022-06	2022-06-01	2022-06-30	
PP_000VL0P.1	IIb	B.1	2022-06	2022-06-01	2022-06-30	
PP_000VL1M.1	IIb	B.1.5	2022-06	2022-06-01	2022-06-30	
PP_000VL2K.1	IIb	B.1.5	2022-06	2022-06-01	2022-06-30	
PP_000VL3H.1	IIb	B.1.1	2022-06	2022-06-01	2022-06-30	
PP_000VL4F.1	IIb	B.1.2	2022-06	2022-06-01	2022-06-30	
PP_000VL5D.1	IIb	B.1	2022-06	2022-06-01	2022-06-30	
PP_000VL6B.1	IIb	B.1	2022-06	2022-06-01	2022-06-30	
PP_000VL79.1	IIb	B.1.2	2022-06	2022-06-01	2022-06-30	
PP_000VL87.1	IIb	B.1	2022-07	2022-07-01	2022-07-31	
PP_000VL95.1	IIb	B.1	2022-07	2022-07-01	2022-07-31	
PP_000VLA3.1	IIb	B.1	2022-07	2022-07-01	2022-07-31	
PP_000VLB1.1	IIb	B.1.1	2022-07	2022-07-01	2022-07-31	
PP_000VLCZ.1	IIb	B.1	2022-07	2022-07-01	2022-07-31	
PP_000VLDX.1	IIb	B.1.1	2022-07	2022-07-01	2022-07-31	
PP_000VLEV.1	IIb	B.1	2022-09	2022-09-01	2022-09-30	
PP_000VLS4.2	IIb	B.1.2	2022-06	2022-06-01	2022-06-30	
PP_000VLT2.2	IIb	B.1	2022-06	2022-06-01	2022-06-30	
PP_000VLU0.2	IIb	B.1	2022-06	2022-06-01	2022-06-30	
PP_000VLVY.2	IIb	B.1	2022-07	2022-07-01	2022-07-31	
PP_000VLWW.2	IIb	B.1	2022-09	2022-09-01	2022-09-30	
PP_000VLZQ.1	IIb	B.1.1	2022-06	2022-06-01	2022-06-30	
PP_000VM0N.1	IIb	B.1	2022-06	2022-06-01	2022-06-30	
PP_000VM1L.1	IIb	B.1	2022-06	2022-06-01	2022-06-30	
PP_000VM2J.1	IIb	B.1.1	2022-06	2022-06-01	2022-06-30	
PP_000VM3G.1	IIb	B.1.1	2022-06	2022-06-01	2022-06-30	
PP_000VM4E.1	IIb	B.1.8	2022-06	2022-06-01	2022-06-30	
PP_000VM5C.1	IIb	B.1	2022-06	2022-06-01	2022-06-30	
PP_000VM6A.1	IIb	B.1.2	2022-06	2022-06-01	2022-06-30	
PP_000VM78.1	IIb	B.1	2022-06	2022-06-01	2022-06-30	
PP_000VM86.1	IIb	B.1	2022-06	2022-06-01	2022-06-30	
PP_000VM94.1	IIb	B.1	2022-06	2022-06-01	2022-06-30	
PP_000VMA2.1	IIb	B.1	2022-06	2022-06-01	2022-06-30	
PP_000VMB0.1	IIb	B.1	2022-06	2022-06-01	2022-06-30	
PP_000VMCY.1	IIb	B.1.7	2022-06	2022-06-01	2022-06-30	
PP_000VMDW.1	IIb	B.1	2022-06	2022-06-01	2022-06-30	
PP_000VMEU.1	IIb	B.1.2	2022-06	2022-06-01	2022-06-30	
PP_000VMFS.1	IIb	B.1.1	2022-06	2022-06-01	2022-06-30	
PP_000VMGQ.1	IIb	B.1	2022-06	2022-06-01	2022-06-30	
PP_000VMHM.1	IIb	B.1	2022-06	2022-06-01	2022-06-30	
PP_000VMJK.1	IIb	B.1.2	2022-06	2022-06-01	2022-06-30	
PP_000VMKH.1	IIb	B.1.1	2022-07	2022-07-01	2022-07-31	
PP_000VRSZ.1	IIb	B.1	2022-06	2022-06-01	2022-06-30	
PP_000VRZK.1	IIb	B.1.14	2022-06	2022-06-01	2022-06-30	
PP_000VS65.1	IIb	B.1.1	2022-06	2022-06-01	2022-06-30	
PP_000VS73.1	IIb	B.1	2022-06	2022-06-01	2022-06-30	
PP_000VS81.1	IIb	B.1	2022-06	2022-06-01	2022-06-30	
PP_000VS9Z.1	IIb	B.1.15	2022-06	2022-06-01	2022-06-30	
PP_000VSAX.1	IIb	B.1.14	2022-06	2022-06-01	2022-06-30	
PP_000VSBV.1	IIb	B.1	2022-06	2022-06-01	2022-06-30	
PP_000VSCT.1	IIb	B.1	2022-06	2022-06-01	2022-06-30	
PP_000VSDR.1	IIb	B.1	2022-06	2022-06-01	2022-06-30	
PP_000VSEP.1	IIb	B.1.2	2022-06	2022-06-01	2022-06-30	
PP_000VSFM.1	IIb	B.1.1	2022-06	2022-06-01	2022-06-30	
PP_000VSGK.1	IIb	B.1.2	2022-06	2022-06-01	2022-06-30	
PP_000VSHG.1	IIb	B.1.2	2022-06	2022-06-01	2022-06-30	
PP_000VSJE.1	IIb	B.1.2	2022-06	2022-06-01	2022-06-30	
PP_000VSKC.1	IIb	B.1	2022-10	2022-10-01	2022-10-31	
PP_000VTCS.1	IIb	B.1	2022-06	2022-06-01	2022-06-30	
PP_000VTDQ.1	IIb	B.1.1	2022-06	2022-06-01	2022-06-30	
PP_000VTEN.1	IIb	B.1.1	2022-06	2022-06-01	2022-06-30	
PP_000VTFL.1	IIb	B.1.1	2022-06	2022-06-01	2022-06-30	
PP_000VTGJ.1	IIb	B.1	2022-06	2022-06-01	2022-06-30	
PP_000VTJD.1	IIb	B.1	2022-06	2022-06-01	2022-06-30	
PP_000VTKB.1	IIb	B.1	2022-06	2022-06-01	2022-06-30	
PP_000VTL9.1	IIb	B.1	2022-06	2022-06-01	2022-06-30	
PP_000VTM7.1	IIb	B.1.2	2022-06	2022-06-01	2022-06-30	
PP_000VTN5.1	IIb	B.1.1	2022-06	2022-06-01	2022-06-30	
PP_000VTP3.1	IIb	B.1	2022-06	2022-06-01	2022-06-30	
PP_000VTQ1.1	IIb	B.1	2022-06	2022-06-01	2022-06-30	
PP_000VTRZ.1	IIb	B.1.2	2022-06	2022-06-01	2022-06-30	
PP_000VTSX.1	IIb	B.1.8	2022-06	2022-06-01	2022-06-30	
PP_000VTTV.1	IIb	B.1.14	2022-06	2022-06-01	2022-06-30	
PP_000VTUT.1	IIb	B.1	2022-06	2022-06-01	2022-06-30	
PP_000VTVR.1	IIb	B.1.14	2022-06	2022-06-01	2022-06-30	
PP_000VTWP.1	IIb	B.1.14	2022-06	2022-06-01	2022-06-30	
PP_000VTXM.1	IIb	B.1.2	2022-06	2022-06-01	2022-06-30	
PP_000VTYK.1	IIb	B.1	2022-06	2022-06-01	2022-06-30	
PP_000VTZH.1	IIb	B.1	2022-10	2022-10-01	2022-10-31	
PP_000VU0F.1	IIb	B.1	2022-10	2022-10-01	2022-10-31	
PP_000VUVQ.1	IIb	B.1	2022-08	2022-08-01	2022-08-31	
PP_000VUWN.1	IIb	B.1.2	2022-08	2022-08-01	2022-08-31	
PP_000VUXL.1	IIb	B.1.1	2022-08	2022-08-01	2022-08-31	
PP_000VUYJ.1	IIb	B.1	2022-08	2022-08-01	2022-08-31	
PP_000VUZG.1	IIb	B.1.8	2022-08	2022-08-01	2022-08-31	
PP_000VV0E.1	IIb	B.1.8	2022-08	2022-08-01	2022-08-31	
PP_000VV1C.1	IIb	B.1.8	2022-08	2022-08-01	2022-08-31	
PP_000VV2A.1	IIb	B.1	2022-08	2022-08-01	2022-08-31	
PP_000VV38.1	IIb	B.1	2022-08	2022-08-01	2022-08-31	
PP_000VV46.1	IIb	B.1	2022-08	2022-08-01	2022-08-31	
PP_000VV54.1	IIb	B.1	2022-08	2022-08-01	2022-08-31	
PP_000VV62.1	IIb	B.1	2022-09	2022-09-01	2022-09-30	
PP_000VV70.1	IIb	B.1.10	2022-09	2022-09-01	2022-09-30	
PP_000VV8Y.1	IIb	B.1	2022-09	2022-09-01	2022-09-30	
PP_000VV9W.1	IIb	B.1	2022-09	2022-09-01	2022-09-30	
PP_000W3WB.1	IIb	B.1.1	2022-08	2022-08-01	2022-08-31	
PP_000W3X9.1	IIb	B.1	2022-08	2022-08-01	2022-08-31	
PP_000W3Y7.1	IIb	B.1.3	2022-08	2022-08-01	2022-08-31	
PP_000W3Z5.1	IIb	B.1	2022-08	2022-08-01	2022-08-31	
PP_000W403.1	IIb	B.1	2022-08	2022-08-01	2022-08-31	
PP_000W411.1	IIb	B.1	2022-08	2022-08-01	2022-08-31	
PP_000W42Z.1	IIb	B.1	2022-08	2022-08-01	2022-08-31	
PP_000W43X.1	IIb	B.1	2022-08	2022-08-01	2022-08-31	
PP_000W44V.1	IIb	B.1.1	2022-08	2022-08-01	2022-08-31	
PP_000W45T.1	IIb	B.1.10	2022-08	2022-08-01	2022-08-31	
PP_000W46R.1	IIb	B.1.5	2022-08	2022-08-01	2022-08-31	
PP_000W47P.1	IIb	B.1.8	2022-08	2022-08-01	2022-08-31	
PP_000W48M.1	IIb	B.1	2022-08	2022-08-01	2022-08-31	
PP_000W49K.1	IIb	B.1	2022-08	2022-08-01	2022-08-31	
PP_000W4AH.1	IIb	B.1	2022-08	2022-08-01	2022-08-31	
PP_000W4BF.1	IIb	B.1	2022-08	2022-08-01	2022-08-31	
PP_000W4CD.1	IIb	B.1.1	2022-08	2022-08-01	2022-08-31	
PP_000W4DB.1	IIb	B.1	2022-08	2022-08-01	2022-08-31	
PP_000W4E9.1	IIb	B.1	2022-08	2022-08-01	2022-08-31	
PP_000W4F7.1	IIb	B.1.1	2022-08	2022-08-01	2022-08-31	
PP_000W4G5.1	IIb	B.1	2022-09	2022-09-01	2022-09-30	
PP_000W94Q.1	IIb	B.1.7	2022-10	2022-10-01	2022-10-31	
PP_000W95N.1	IIb	B.1.2	2022-11	2022-11-01	2022-11-30	
PP_000W96L.1	IIb	B.1.1	2022-11	2022-11-01	2022-11-30	
PP_000W97J.1	IIb	B.1	2022-08	2022-08-01	2022-08-31	
PP_000W98G.1	IIb	B.1	2022-08	2022-08-01	2022-08-31	
PP_000W99E.1	IIb	B.1	2022-08	2022-08-01	2022-08-31	
PP_000W9AC.1	IIb	B.1	2022-08	2022-08-01	2022-08-31	
PP_000W9BA.1	IIb	B.1.5	2022-08	2022-08-01	2022-08-31	
PP_000W9C8.1	IIb	B.1	2022-08	2022-08-01	2022-08-31	
PP_000W9D6.1	IIb	B.1.8	2022-08	2022-08-01	2022-08-31	
PP_000W9E4.1	IIb	B.1	2022-08	2022-08-01	2022-08-31	
PP_000W9F2.1	IIb	B.1	2022-08	2022-08-01	2022-08-31	
PP_000W9G0.1	IIb	B.1	2022-08	2022-08-01	2022-08-31	
PP_000W9HX.1	IIb	B.1.8	2022-08	2022-08-01	2022-08-31	
PP_000W9JV.1	IIb	B.1.8	2022-08	2022-08-01	2022-08-31	
PP_000W9KT.1	IIb	B.1	2022-08	2022-08-01	2022-08-31	
PP_000W9LR.1	IIb	B.1	2022-08	2022-08-01	2022-08-31	
PP_000W9MP.1	IIb	B.1	2022-08	2022-08-01	2022-08-31	
PP_000W9NM.1	IIb	B.1	2022-08	2022-08-01	2022-08-31	
PP_000W9PK.1	IIb	B.1.8	2022-08	2022-08-01	2022-08-31	
PP_000W9QH.1	IIb	B.1.8	2022-08	2022-08-01	2022-08-31	
PP_000W9RF.1	IIb	B.1.8	2022-08	2022-08-01	2022-08-31	
PP_000W9SD.1	IIb	B.1	2022-08	2022-08-01	2022-08-31	
PP_000W9TB.1	IIb	B.1.1	2022-08	2022-08-01	2022-08-31	
PP_000W9U9.1	IIb	B.1	2022-08	2022-08-01	2022-08-31	
PP_000W9V7.1	IIb	B.1	2022-08	2022-08-01	2022-08-31	
PP_000W9W5.1	IIb	B.1	2022-08	2022-08-01	2022-08-31	
PP_000W9X3.1	IIb	B.1.3	2022-08	2022-08-01	2022-08-31	
PP_000W9Y1.1	IIb	B.1.1	2022-08	2022-08-01	2022-08-31	
PP_000W9ZZ.1	IIb	B.1	2022-08	2022-08-01	2022-08-31	
PP_000WA0X.1	IIb	B.1.19	2022-09	2022-09-01	2022-09-30	
PP_000WBE2.1	IIb	B.1.5	2022-05	2022-05-01	2022-05-31	
PP_000WBF0.1	IIb	B.1.5	2022-05	2022-05-01	2022-05-31	
PP_000WBGY.1	IIb	B.1.5	2022-05	2022-05-01	2022-05-31	
PP_000WBHV.1	IIb	B.1.5	2022-05	2022-05-01	2022-05-31	
PP_000WBJT.1	IIb	B.1.5	2022-05	2022-05-01	2022-05-31	
PP_000WBKR.1	IIb	B.1.5	2022-05	2022-05-01	2022-05-31	
PP_000WBLP.1	IIb	B.1.14	2022-05	2022-05-01	2022-05-31	
PP_000WBMM.1	IIb	B.1.3	2022-05	2022-05-01	2022-05-31	
PP_000WBNK.1	IIb	B.1.3	2022-05	2022-05-01	2022-05-31	
PP_000WBPH.1	IIb	B.1.1	2022-05	2022-05-01	2022-05-31	
PP_000WBQF.1	IIb	B.1.1	2022-05	2022-05-01	2022-05-31	
PP_000WBRD.1	IIb	B.1.2	2022-05	2022-05-01	2022-05-31	
PP_000WBSB.1	IIb	B.1.1	2022-05	2022-05-01	2022-05-31	
PP_000WBT9.1	IIb	B.1.14	2022-05	2022-05-01	2022-05-31	
PP_000WBU7.1	IIb	B.1.1	2022-05	2022-05-01	2022-05-31	
PP_000WBV5.1	IIb	B.1.5	2022-05	2022-05-01	2022-05-31	
PP_000WBW3.1	IIb	B.1	2022-05	2022-05-01	2022-05-31	
PP_000WBX1.1	IIb	B.1.1	2022-05	2022-05-01	2022-05-31	
PP_000WBYZ.1	IIb	B.1	2022-08	2022-08-01	2022-08-31	
PP_000WBZX.1	IIb	B.1.13	2022-08	2022-08-01	2022-08-31	
PP_000WC0V.1	IIb	B.1	2022-08	2022-08-01	2022-08-31	
PP_000WC1T.1	IIb	B.1	2022-08	2022-08-01	2022-08-31	
PP_000WC2R.1	IIb	B.1	2022-08	2022-08-01	2022-08-31	
PP_000WC3P.1	IIb	B.1	2022-08	2022-08-01	2022-08-31	
PP_000WC4M.1	IIb	B.1	2022-08	2022-08-01	2022-08-31	
PP_000WEV2.1	IIb	B.1	2022-08	2022-08-01	2022-08-31	
PP_000WEW0.1	IIb	B.1	2022-08	2022-08-01	2022-08-31	
PP_000WEXY.1	IIb	B.1	2022-08	2022-08-01	2022-08-31	
PP_000WEYW.1	IIb	B.1	2022-08	2022-08-01	2022-08-31	
PP_000WEZU.1	IIb	B.1	2022-08	2022-08-01	2022-08-31	
PP_000WF0S.1	IIb	B.1.5	2022-08	2022-08-01	2022-08-31	
PP_000WF1Q.1	IIb	B.1	2022-08	2022-08-01	2022-08-31	
PP_000WF2N.1	IIb	B.1	2022-08	2022-08-01	2022-08-31	
PP_000WF3L.1	IIb	B.1.1	2022-08	2022-08-01	2022-08-31	
PP_000WF4J.1	IIb	B.1.1	2022-08	2022-08-01	2022-08-31	
PP_000WF5G.1	IIb	B.1.1	2022-08	2022-08-01	2022-08-31	
PP_000WH2L.1	IIb	B.1.2	2022-08	2022-08-01	2022-08-31	
PP_000WH3J.1	IIb	B.1	2022-08	2022-08-01	2022-08-31	
PP_000WH4G.1	IIb	B.1	2022-08	2022-08-01	2022-08-31	
PP_000WH5E.1	IIb	B.1.7	2022-08	2022-08-01	2022-08-31	
PP_000WH6C.1	IIb	B.1	2022-08	2022-08-01	2022-08-31	
PP_000WH7A.1	IIb	B.1.3	2022-09	2022-09-01	2022-09-30	
PP_000WH88.1	IIb	B.1.8	2022-08	2022-08-01	2022-08-31	
PP_000WH96.1	IIb	B.1	2022-08	2022-08-01	2022-08-31	
PP_000WHA4.1	IIb	B.1	2022-09	2022-09-01	2022-09-30	
PP_000WHB2.1	IIb	B.1	2022-09	2022-09-01	2022-09-30	
PP_000WHC0.1	IIb	B.1	2022-09	2022-09-01	2022-09-30	
PP_000WMJH.1	IIb	B.1	2022-06	2022-06-01	2022-06-30	
PP_000WMKF.1	IIb	B.1	2022-08	2022-08-01	2022-08-31	
PP_000WMLD.1	IIb	B.1	2022-08	2022-08-01	2022-08-31	
PP_000WMMB.1	IIb	B.1.3	2022-08	2022-08-01	2022-08-31	
PP_000WMN9.1	IIb	B.1.3	2022-09	2022-09-01	2022-09-30	
PP_000WMP7.1	IIb	B.1	2022-09	2022-09-01	2022-09-30	
PP_000WMQ5.1	IIb	B.1	2022-10	2022-10-01	2022-10-31	
PP_000WMR3.1	IIb	B.1	2022-10	2022-10-01	2022-10-31	
PP_000WMS1.1	IIb	B.1	2022-11	2022-11-01	2022-11-30	
PP_000WMTZ.1	IIb	B.1.3	2023-01	2023-01-01	2023-01-31	
PP_000WMUX.1	IIb	B.1.3	2023-01	2023-01-01	2023-01-31	
PP_000XJUY.1	IIb	B.1	2022-05	2022-05-01	2022-05-31	
PP_000XJVW.1	IIb	B.1.5	2022-05	2022-05-01	2022-05-31	
PP_000XJWU.1	IIb	B.1.14	2022-05	2022-05-01	2022-05-31	
PP_000XJXS.1	IIb	B.1.1	2022-05	2022-05-01	2022-05-31	
PP_000XJYQ.1	IIb	B.1.1	2022-05	2022-05-01	2022-05-31	
PP_000XJZN.1	IIb	B.1.14	2022-05	2022-05-01	2022-05-31	
PP_000XK0L.1	IIb	B.1	2022-05	2022-05-01	2022-05-31	
PP_000XK1J.1	IIb	B.1	2022-05	2022-05-01	2022-05-31	
PP_000XK2G.1	IIb	B.1.1	2022-05	2022-05-01	2022-05-31	
PP_000XK3E.1	IIb	B.1	2022-07	2022-07-01	2022-07-31	
PP_000XK4C.1	IIb	B.1	2022-07	2022-07-01	2022-07-31	
PP_000XK5A.1	IIb	B.1.1	2022-07	2022-07-01	2022-07-31	
PP_000XK68.1	IIb	B.1.1	2022-07	2022-07-01	2022-07-31	
PP_000XK76.1	IIb	B.1	2022-07	2022-07-01	2022-07-31	
PP_000XK84.1	IIb	B.1	2022-07	2022-07-01	2022-07-31	
PP_000XK92.1	IIb	B.1	2022-07	2022-07-01	2022-07-31	
PP_000XKA0.1	IIb	B.1	2022-07	2022-07-01	2022-07-31	
PP_000XKBY.1	IIb	B.1.5	2022-08	2022-08-01	2022-08-31	
PP_000XKCW.1	IIb	B.1	2022-08	2022-08-01	2022-08-31	
PP_000XKDU.1	IIb	B.1.5	2022-08	2022-08-01	2022-08-31	
PP_000XKES.1	IIb	B.1.5	2022-08	2022-08-01	2022-08-31	
PP_000XKFQ.1	IIb	B.1	2022-08	2022-08-01	2022-08-31	
PP_000XKGN.1	IIb	B.1.1	2022-08	2022-08-01	2022-08-31	
PP_000XKHK.1	IIb	B.1	2022-08	2022-08-01	2022-08-31	
PP_000XKJH.1	IIb	B.1.1	2022-08	2022-08-01	2022-08-31	
PP_000XKKF.1	IIb	B.1.3	2022-08	2022-08-01	2022-08-31	
PP_000XKLD.1	IIb	B.1	2022-08	2022-08-01	2022-08-31	
PP_000XKMB.1	IIb	B.1	2022-08	2022-08-01	2022-08-31	
PP_000XKN9.1	IIb	B.1.1	2022-08	2022-08-01	2022-08-31	
PP_000XKP7.1	IIb	B.1	2022-10	2022-10-01	2022-10-31	
PP_000XUWJ.1	IIb	B.1	2022-07	2022-07-01	2022-07-31	
PP_000XUXG.1	IIb	B.1	2022-07	2022-07-01	2022-07-31	
PP_000XUYE.1	IIb	B.1.7	2022-07	2022-07-01	2022-07-31	
PP_000XUZC.1	IIb	B.1.5	2022-07	2022-07-01	2022-07-31	
PP_000XV0A.1	IIb	B.1	2022-07	2022-07-01	2022-07-31	
PP_000XV18.1	IIb	B.1.2	2022-07	2022-07-01	2022-07-31	
PP_000XV26.1	IIb	B.1	2022-07	2022-07-01	2022-07-31	
PP_000XV34.1	IIb	B.1	2022-07	2022-07-01	2022-07-31	
PP_000XV42.1	IIb	B.1	2022-07	2022-07-01	2022-07-31	
PP_000XV50.1	IIb	B.1	2022-07	2022-07-01	2022-07-31	
PP_000XV6Y.1	IIb	B.1.2	2022-07	2022-07-01	2022-07-31	
PP_000XV7W.1	IIb	B.1	2022-07	2022-07-01	2022-07-31	
PP_000XV8U.1	IIb	B.1	2022-07	2022-07-01	2022-07-31	
PP_000XV9S.1	IIb	B.1.7	2022-07	2022-07-01	2022-07-31	
PP_000XVAQ.1	IIb	B.1.2	2022-07	2022-07-01	2022-07-31	
PP_000XVBN.1	IIb	B.1	2022-07	2022-07-01	2022-07-31	
PP_000XVCL.1	IIb	B.1	2022-07	2022-07-01	2022-07-31	
PP_000XVDJ.1	IIb	B.1	2022-07	2022-07-01	2022-07-31	
PP_000XVEG.1	IIb	B.1	2022-07	2022-07-01	2022-07-31	
PP_000XVFE.1	IIb	B.1.2	2022-07	2022-07-01	2022-07-31	
PP_000XVGC.1	IIb	B.1.2	2022-07	2022-07-01	2022-07-31	
PP_000XVH9.1	IIb	B.1	2022-07	2022-07-01	2022-07-31	
PP_000XVJ7.1	IIb	B.1	2022-07	2022-07-01	2022-07-31	
PP_000XVK5.1	IIb	B.1.2	2022-07	2022-07-01	2022-07-31	
PP_000XVL3.1	IIb	B.1	2022-07	2022-07-01	2022-07-31	
PP_000XVM1.1	IIb	B.1	2022-07	2022-07-01	2022-07-31	
PP_000XVNZ.1	IIb	B.1.1	2022-07	2022-07-01	2022-07-31	
PP_000XVPX.1	IIb	B.1	2022-07	2022-07-01	2022-07-31	
PP_000XVQV.1	IIb	B.1.8	2022-07	2022-07-01	2022-07-31	
PP_000XVRT.1	IIb	B.1	2022-07	2022-07-01	2022-07-31	
PP_000XVSR.1	IIb	B.1	2022-07	2022-07-01	2022-07-31	
PP_000XVTP.1	IIb	B.1	2022-07	2022-07-01	2022-07-31	
PP_000XVUM.1	IIb	B.1.3	2022-07	2022-07-01	2022-07-31	
PP_000XVVK.1	IIb	B.1.2	2022-07	2022-07-01	2022-07-31	
PP_000XVWH.1	IIb	B.1	2022-07	2022-07-01	2022-07-31	
PP_000XVXF.1	IIb	B.1.2	2022-07	2022-07-01	2022-07-31	
PP_000XVYD.1	IIb	B.1.2	2022-07	2022-07-01	2022-07-31	
PP_000XVZB.1	IIb	B.1.2	2022-07	2022-07-01	2022-07-31	
PP_000XW09.1	IIb	B.1	2022-07	2022-07-01	2022-07-31	
PP_000XW17.1	IIb	B.1	2022-07	2022-07-01	2022-07-31	
PP_000XW25.1	IIb	B.1	2022-07	2022-07-01	2022-07-31	
PP_000XW33.1	IIb	B.1.2	2022-07	2022-07-01	2022-07-31	
PP_000XW41.1	IIb	B.1	2022-07	2022-07-01	2022-07-31	
PP_000XW5Z.1	IIb	B.1.1	2022-07	2022-07-01	2022-07-31	
PP_000XW6X.1	IIb	B.1.1	2022-07	2022-07-01	2022-07-31	
PP_000XW7V.1	IIb	B.1	2022-07	2022-07-01	2022-07-31	
PP_000XW8T.1	IIb	B.1.2	2022-07	2022-07-01	2022-07-31	
PP_000XW9R.1	IIb	B.1.2	2022-07	2022-07-01	2022-07-31	
PP_000XWAP.1	IIb	B.1.1	2022-07	2022-07-01	2022-07-31	
PP_000XWBM.1	IIb	B.1.3	2022-07	2022-07-01	2022-07-31	
PP_000XWCK.1	IIb	B.1	2022-07	2022-07-01	2022-07-31	
PP_000XWDH.1	IIb	B.1.8	2022-07	2022-07-01	2022-07-31	
PP_000XWEF.1	IIb	B.1	2022-07	2022-07-01	2022-07-31	
PP_000XWFD.1	IIb	B.1	2022-07	2022-07-01	2022-07-31	
PP_000XWGB.1	IIb	B.1	2022-07	2022-07-01	2022-07-31	
PP_000XWH8.1	IIb	B.1.5	2022-07	2022-07-01	2022-07-31	
PP_000XWJ6.1	IIb	B.1.5	2022-07	2022-07-01	2022-07-31	
PP_000XWK4.1	IIb	B.1	2022-07	2022-07-01	2022-07-31	
PP_000XWL2.1	IIb	B.1	2022-07	2022-07-01	2022-07-31	
PP_000XWM0.1	IIb	B.1.1	2022-07	2022-07-01	2022-07-31	
PP_000XWNY.1	IIb	B.1	2022-07	2022-07-01	2022-07-31	
PP_000XWPW.1	IIb	B.1	2022-07	2022-07-01	2022-07-31	
PP_000XWQU.1	IIb	B.1	2022-07	2022-07-01	2022-07-31	
PP_000XWRS.1	IIb	B.1	2022-07	2022-07-01	2022-07-31	
PP_000XWSQ.1	IIb	B.1.12	2022-07	2022-07-01	2022-07-31	
PP_000XWTN.1	IIb	B.1.2	2022-07	2022-07-01	2022-07-31	
PP_000XWUL.1	IIb	B.1.1	2022-07	2022-07-01	2022-07-31	
PP_000XWVJ.1	IIb	B.1	2022-07	2022-07-01	2022-07-31	
PP_000XWWG.1	IIb	B.1	2022-07	2022-07-01	2022-07-31	
PP_000XWXE.1	IIb	B.1.8	2022-07	2022-07-01	2022-07-31	
PP_000XWYC.1	IIb	B.1.8	2022-07	2022-07-01	2022-07-31	
PP_000XWZA.1	IIb	B.1	2022-07	2022-07-01	2022-07-31	
PP_000XX08.1	IIb	B.1	2022-07	2022-07-01	2022-07-31	
PP_000XX16.1	IIb	B.1	2022-07	2022-07-01	2022-07-31	
PP_000XX24.1	IIb	B.1	2022-07	2022-07-01	2022-07-31	
PP_000XX32.1	IIb	B.1	2022-07	2022-07-01	2022-07-31	
PP_000XX40.1	IIb	B.1.7	2022-07	2022-07-01	2022-07-31	
PP_000XX5Y.1	IIb	B.1	2022-07	2022-07-01	2022-07-31	
PP_000XX6W.1	IIb	B.1.1	2022-07	2022-07-01	2022-07-31	
PP_000XX7U.1	IIb	B.1.1	2022-07	2022-07-01	2022-07-31	
PP_000XX8S.1	IIb	B.1	2022-07	2022-07-01	2022-07-31	
PP_000XX9Q.1	IIb	B.1.8	2022-07	2022-07-01	2022-07-31	
PP_000XXAN.1	IIb	B.1	2022-07	2022-07-01	2022-07-31	
PP_000XXBL.1	IIb	B.1.10	2022-07	2022-07-01	2022-07-31	
PP_000XXCJ.1	IIb	B.1	2022-07	2022-07-01	2022-07-31	
PP_000XXDG.1	IIb	B.1	2022-07	2022-07-01	2022-07-31	
PP_000XXEE.1	IIb	B.1	2022-07	2022-07-01	2022-07-31	
PP_000XXFC.1	IIb	B.1.1	2022-07	2022-07-01	2022-07-31	
PP_000XXGA.1	IIb	B.1.1	2022-07	2022-07-01	2022-07-31	
PP_000XXH7.1	IIb	B.1	2022-07	2022-07-01	2022-07-31	
PP_000XXJ5.1	IIb	B.1.2	2022-07	2022-07-01	2022-07-31	
PP_000XXK3.1	IIb	B.1.2	2022-07	2022-07-01	2022-07-31	
PP_000XXL1.1	IIb	B.1	2022-07	2022-07-01	2022-07-31	
PP_000XXMZ.1	IIb	B.1.8	2022-07	2022-07-01	2022-07-31	
PP_000XXNX.1	IIb	B.1.8	2022-07	2022-07-01	2022-07-31	
PP_000XXPV.1	IIb	B.1	2022-07	2022-07-01	2022-07-31	
PP_000XXQT.1	IIb	B.1	2022-07	2022-07-01	2022-07-31	
PP_000XXRR.1	IIb	B.1	2022-07	2022-07-01	2022-07-31	
PP_000XXSP.1	IIb	B.1.1	2022-07	2022-07-01	2022-07-31	
PP_000XXTM.1	IIb	B.1.13	2022-07	2022-07-01	2022-07-31	
PP_000XXUK.1	IIb	B.1	2022-07	2022-07-01	2022-07-31	
PP_000XXVH.1	IIb	B.1.22	2022-07	2022-07-01	2022-07-31	
PP_000XXWF.1	IIb	B.1	2022-07	2022-07-01	2022-07-31	
PP_000YKBW.1	IIb	B.1.8	2022-06	2022-06-01	2022-06-30	
PP_000YKCU.1	IIb	B.1	2022-06	2022-06-01	2022-06-30	
PP_000YKDS.1	IIb	B.1.20	2023-07	2023-07-01	2023-07-31	
PP_000YKEQ.1	IIb	E.2	2023-08	2023-08-01	2023-08-22	
PP_000YKFN.1	IIb	B.1.2	2022-06	2022-06-01	2022-06-30	
PP_000YKGL.1	IIb	B.1.2	2022-06	2022-06-01	2022-06-30	
PP_000YKHH.1	IIb	B.1.1	2022-06	2022-06-01	2022-06-30	
PP_000YKJF.1	IIb	B.1.1	2022-06	2022-06-01	2022-06-30	
PP_000YKKD.1	IIb	B.1.1	2022-06	2022-06-01	2022-06-30	
PP_000YKLB.1	IIb	B.1.2	2022-06	2022-06-01	2022-06-30	
PP_000YKM9.1	IIb	B.1.5	2022-06	2022-06-01	2022-06-30	
PP_000YKN7.1	IIb	B.1.8	2022-06	2022-06-01	2022-06-30	
PP_000YKP5.1	IIb	B.1	2022-06	2022-06-01	2022-06-30	
PP_000YKQ3.1	IIb	B.1	2022-06	2022-06-01	2022-06-30	
PP_000YKR1.1	IIb	B.1.5	2022-06	2022-06-01	2022-06-30	
PP_000YKSZ.1	IIb	B.1	2022-07	2022-07-01	2022-07-31	
PP_000YKTX.1	IIb	B.1.7	2022-06	2022-06-01	2022-06-30	
PP_000YKUV.1	IIb	B.1.7	2022-06	2022-06-01	2022-06-30	
PP_000YKVT.1	IIb	B.1.1	2022-06	2022-06-01	2022-06-30	
PP_000YKWR.1	IIb	B.1.3	2022-06	2022-06-01	2022-06-30	
PP_000YKXP.1	IIb	B.1	2022-06	2022-06-01	2022-06-30	
PP_000YKYM.1	IIb	B.1.1	2022-06	2022-06-01	2022-06-30	
PP_000YKZK.1	IIb	B.1.1	2022-06	2022-06-01	2022-06-30	
PP_000YL0H.1	IIb	B.1.1	2022-06	2022-06-01	2022-06-30	
PP_000YL1F.1	IIb	B.1	2022-06	2022-06-01	2022-06-30	
PP_000YL2D.1	IIb	B.1.2	2022-06	2022-06-01	2022-06-30	
PP_000YL3B.1	IIb	B.1.2	2022-06	2022-06-01	2022-06-30	
PP_000YL49.1	IIb	B.1.2	2022-06	2022-06-01	2022-06-30	
PP_000YL57.1	IIb	B.1.2	2022-06	2022-06-01	2022-06-30	
PP_000YL65.1	IIb	B.1.1	2022-06	2022-06-01	2022-06-30	
PP_000YL73.1	IIb	B.1.5	2022-06	2022-06-01	2022-06-30	
PP_000YL81.1	IIb	B.1.1	2022-06	2022-06-01	2022-06-30	
PP_000YL9Z.1	IIb	B.1.5	2022-06	2022-06-01	2022-06-30	
PP_000YLAX.1	IIb	B.1.5	2022-06	2022-06-01	2022-06-30	
PP_000YLBV.1	IIb	B.1.1	2022-06	2022-06-01	2022-06-30	
PP_000YLCT.1	IIb	B.1.1	2022-06	2022-06-01	2022-06-30	
PP_000YLDR.1	IIb	B.1.2	2022-06	2022-06-01	2022-06-30	
PP_000YLEP.1	IIb	B.1	2022-06	2022-06-01	2022-06-30	
PP_000YLFM.1	IIb	B.1	2022-06	2022-06-01	2022-06-30	
PP_000YLGK.1	IIb	B.1	2022-06	2022-06-01	2022-06-30	
PP_000YLHG.1	IIb	B.1.1	2022-06	2022-06-01	2022-06-30	
PP_000YLJE.1	IIb	B.1.1	2022-06	2022-06-01	2022-06-30	
PP_000YLKC.1	IIb	B.1.1	2022-06	2022-06-01	2022-06-30	
PP_000YLLA.1	IIb	B.1.1	2022-06	2022-06-01	2022-06-30	
PP_000YLM8.1	IIb	B.1.1	2022-06	2022-06-01	2022-06-30	
PP_000YLN6.1	IIb	B.1.1	2022-06	2022-06-01	2022-06-30	
PP_000YLP4.1	IIb	B.1.1	2022-06	2022-06-01	2022-06-30	
PP_000YLQ2.1	IIb	B.1.2	2022-06	2022-06-01	2022-06-30	
PP_000YLR0.1	IIb	B.1	2022-06	2022-06-01	2022-06-30	
PP_000YLSY.1	IIb	B.1	2022-06	2022-06-01	2022-06-30	
PP_000YLTW.1	IIb	B.1	2022-06	2022-06-01	2022-06-30	
PP_000YLUU.1	IIb	B.1.1	2022-06	2022-06-01	2022-06-30	
PP_000YLVS.1	IIb	B.1	2022-06	2022-06-01	2022-06-30	
PP_000YLWQ.1	IIb	B.1	2022-06	2022-06-01	2022-06-30	
PP_000YLXN.1	IIb	B.1.5	2022-06	2022-06-01	2022-06-30	
PP_000YLYL.1	IIb	B.1.1	2022-06	2022-06-01	2022-06-30	
PP_000YLZJ.1	IIb	B.1.1	2022-06	2022-06-01	2022-06-30	
PP_000YM0G.1	IIb	B.1.2	2022-06	2022-06-01	2022-06-30	
PP_000YM1E.1	IIb	B.1.1	2022-06	2022-06-01	2022-06-30	
PP_000YM2C.1	IIb	B.1	2022-06	2022-06-01	2022-06-30	
PP_000YM3A.1	IIb	B.1.1	2022-06	2022-06-01	2022-06-30	
PP_000YM48.1	IIb	B.1	2022-06	2022-06-01	2022-06-30	
PP_000YM56.1	IIb	B.1.2	2022-06	2022-06-01	2022-06-30	
PP_000YM64.1	IIb	B.1.1	2022-06	2022-06-01	2022-06-30	
PP_000YM72.1	IIb	B.1	2022-06	2022-06-01	2022-06-30	
PP_000YM80.1	IIb	B.1.5	2022-06	2022-06-01	2022-06-30	
PP_000YM9Y.1	IIb	B.1	2022-06	2022-06-01	2022-06-30	
PP_000YMAW.1	IIb	B.1	2022-06	2022-06-01	2022-06-30	
PP_000YMBU.1	IIb	B.1.8	2022-06	2022-06-01	2022-06-30	
PP_000YMCS.1	IIb	B.1	2022-06	2022-06-01	2022-06-30	
PP_000YMDQ.1	IIb	B.1	2022-06	2022-06-01	2022-06-30	
PP_000YMEN.1	IIb	B.1.1	2022-06	2022-06-01	2022-06-30	
PP_000YMFL.1	IIb	B.1.5	2022-06	2022-06-01	2022-06-30	
PP_000YMGJ.1	IIb	B.1.5	2022-06	2022-06-01	2022-06-30	
PP_000YMHF.1	IIb	B.1.2	2022-06	2022-06-01	2022-06-30	
PP_000YMJD.1	IIb	B.1.2	2022-06	2022-06-01	2022-06-30	
PP_000YMKB.1	IIb	B.1.1	2022-06	2022-06-01	2022-06-30	
PP_000YML9.1	IIb	B.1	2022-06	2022-06-01	2022-06-30	
PP_000YMM7.1	IIb	B.1.2	2022-06	2022-06-01	2022-06-30	
PP_000YMN5.1	IIb	B.1	2022-06	2022-06-01	2022-06-30	
PP_000YMP3.1	IIb	B.1	2022-06	2022-06-01	2022-06-30	
PP_000YMQ1.1	IIb	B.1	2022-06	2022-06-01	2022-06-30	
PP_000YMRZ.1	IIb	B.1	2022-06	2022-06-01	2022-06-30	
PP_000YMSX.1	IIb	B.1	2022-06	2022-06-01	2022-06-30	
PP_000YMTV.1	IIb	B.1	2022-06	2022-06-01	2022-06-30	
PP_000YMUT.1	IIb	B.1.7	2022-06	2022-06-01	2022-06-30	
PP_000YMVR.1	IIb	B.1	2022-06	2022-06-01	2022-06-30	
PP_000YMWP.1	IIb	B.1	2022-06	2022-06-01	2022-06-30	
PP_000YMXM.1	IIb	B.1	2022-06	2022-06-01	2022-06-30	
PP_000YMYK.1	IIb	B.1	2022-06	2022-06-01	2022-06-30	
PP_000YMZH.1	IIb	B.1	2022-06	2022-06-01	2022-06-30	
PP_000YN0F.1	IIb	B.1	2022-06	2022-06-01	2022-06-30	
PP_000YN1D.1	IIb	B.1.14	2022-06	2022-06-01	2022-06-30	
PP_000YN2B.1	IIb	B.1.14	2022-06	2022-06-01	2022-06-30	
PP_000YN39.1	IIb	B.1.14	2022-06	2022-06-01	2022-06-30	
PP_000YN47.1	IIb	B.1	2022-06	2022-06-01	2022-06-30	
PP_000YN55.1	IIb	B.1.3	2022-07	2022-07-01	2022-07-31	
PP_000YN63.1	IIb	B.1.3	2022-07	2022-07-01	2022-07-31	
PP_000YN71.1	IIb	B.1.2	2022-07	2022-07-01	2022-07-31	
PP_000YN8Z.1	IIb	B.1.8	2022-07	2022-07-01	2022-07-31	
PP_000YN9X.1	IIb	B.1	2022-07	2022-07-01	2022-07-31	
PP_000YNAV.1	IIb	B.1	2022-07	2022-07-01	2022-07-31	
PP_000YNBT.1	IIb	B.1	2022-07	2022-07-01	2022-07-31	
PP_000YNCR.1	IIb	B.1.1	2022-07	2022-07-01	2022-07-31	
PP_000YNDP.1	IIb	B.1	2022-07	2022-07-01	2022-07-31	
PP_000YNEM.1	IIb	B.1	2022-07	2022-07-01	2022-07-31	
PP_000YNFK.1	IIb	B.1	2022-07	2022-07-01	2022-07-31	
PP_000YNGH.1	IIb	B.1	2022-07	2022-07-01	2022-07-31	
PP_000YNHE.1	IIb	B.1	2022-07	2022-07-01	2022-07-31	
PP_000YNJC.1	IIb	B.1	2022-07	2022-07-01	2022-07-31	
PP_000YNKA.1	IIb	B.1	2022-07	2022-07-01	2022-07-31	
PP_000YNL8.1	IIb	B.1	2022-07	2022-07-01	2022-07-31	
PP_000YNM6.1	IIb	B.1	2022-07	2022-07-01	2022-07-31	
PP_000YNN4.1	IIb	B.1.8	2022-07	2022-07-01	2022-07-31	
PP_000YNP2.1	IIb	B.1	2022-07	2022-07-01	2022-07-31	
PP_000YNQ0.1	IIb	B.1	2022-07	2022-07-01	2022-07-31	
PP_000YNRY.1	IIb	B.1	2022-07	2022-07-01	2022-07-31	
PP_000YPYH.1	IIb	B.1.1	2022-06	2022-06-01	2022-06-30	
PP_000YPZF.1	IIb	B.1.2	2022-06	2022-06-01	2022-06-30	
PP_000YQ0D.1	IIb	B.1	2022-06	2022-06-01	2022-06-30	
PP_000YQ1B.1	IIb	B.1.1	2022-06	2022-06-01	2022-06-30	
PP_000YQ29.1	IIb	B.1	2022-07	2022-07-01	2022-07-31	
PP_000YQ45.1	IIb	B.1.1	2022-07	2022-07-01	2022-07-31	
PP_000YQ53.1	IIb	B.1.2	2022-07	2022-07-01	2022-07-31	
PP_000YQ61.1	IIb	B.1	2022-07	2022-07-01	2022-07-31	
PP_000YQ7Z.1	IIb	B.1.7	2022-07	2022-07-01	2022-07-31	
PP_000YQ8X.1	IIb	B.1	2022-07	2022-07-01	2022-07-31	
PP_000YQ9V.1	IIb	B.1	2022-07	2022-07-01	2022-07-31	
PP_000YQAT.1	IIb	B.1	2022-07	2022-07-01	2022-07-31	
PP_000YQBR.1	IIb	B.1	2022-07	2022-07-01	2022-07-31	
PP_000YQCP.1	IIb	B.1	2022-07	2022-07-01	2022-07-31	
PP_000YQDM.1	IIb	B.1	2022-07	2022-07-01	2022-07-31	
PP_000YQEK.1	IIb	B.1	2022-07	2022-07-01	2022-07-31	
PP_000YQFH.1	IIb	B.1	2022-07	2022-07-01	2022-07-31	
PP_000YQGF.1	IIb	B.1	2022-07	2022-07-01	2022-07-31	
PP_000YQHC.1	IIb	B.1	2022-07	2022-07-01	2022-07-31	
PP_000YQJA.1	IIb	B.1	2022-07	2022-07-01	2022-07-31	
PP_000YQK8.1	IIb	B.1.1	2022-07	2022-07-01	2022-07-31	
PP_000YQL6.1	IIb	B.1	2022-07	2022-07-01	2022-07-31	
PP_000YQM4.1	IIb	B.1.3	2022-07	2022-07-01	2022-07-31	
PP_000YQN2.1	IIb	B.1	2022-07	2022-07-01	2022-07-31	
PP_000YQP0.1	IIb	B.1	2022-07	2022-07-01	2022-07-31	
PP_000YQQY.1	IIb	B.1	2022-07	2022-07-01	2022-07-31	
PP_000YQRW.1	IIb	B.1	2022-07	2022-07-01	2022-07-31	
PP_000YQSU.1	IIb	B.1.8	2022-07	2022-07-01	2022-07-31	
PP_000YQTS.1	IIb	B.1	2022-07	2022-07-01	2022-07-31	
PP_000YQUQ.1	IIb	B.1	2022-07	2022-07-01	2022-07-31	
PP_000YQVN.1	IIb	B.1	2022-07	2022-07-01	2022-07-31	
PP_000YQWL.1	IIb	B.1	2022-07	2022-07-01	2022-07-31	
PP_000YQXJ.1	IIb	B.1	2022-07	2022-07-01	2022-07-31	
PP_000YQYG.1	IIb	B.1.1	2022-07	2022-07-01	2022-07-31	
PP_000YQZE.1	IIb	B.1	2022-07	2022-07-01	2022-07-31	
PP_000YR0C.1	IIb	B.1	2022-07	2022-07-01	2022-07-31	
PP_000YR1A.1	IIb	B.1	2022-07	2022-07-01	2022-07-31	
PP_000YR28.1	IIb	B.1	2022-07	2022-07-01	2022-07-31	
PP_000YR36.1	IIb	B.1.1	2022-07	2022-07-01	2022-07-31	
PP_000YR44.1	IIb	B.1.1	2022-07	2022-07-01	2022-07-31	
PP_000YR52.1	IIb	B.1.3	2022-07	2022-07-01	2022-07-31	
PP_000YR60.1	IIb	B.1	2022-07	2022-07-01	2022-07-31	
PP_000YR7Y.1	IIb	B.1	2022-07	2022-07-01	2022-07-31	
PP_000YR8W.1	IIb	B.1.1	2022-07	2022-07-01	2022-07-31	
PP_000YR9U.1	IIb	B.1.1	2022-07	2022-07-01	2022-07-31	
PP_000YRAS.1	IIb	B.1	2022-07	2022-07-01	2022-07-31	
PP_000YRBQ.1	IIb	B.1	2022-07	2022-07-01	2022-07-31	
PP_000YRCN.1	IIb	B.1	2022-07	2022-07-01	2022-07-31	
PP_000YRDL.1	IIb	B.1	2022-07	2022-07-01	2022-07-31	
PP_000YREJ.1	IIb	B.1.3	2022-07	2022-07-01	2022-07-31	
PP_000YRFG.1	IIb	B.1.1	2022-07	2022-07-01	2022-07-31	
PP_000YRGE.1	IIb	B.1	2022-07	2022-07-01	2022-07-31	
PP_000YRHB.1	IIb	B.1.7	2022-07	2022-07-01	2022-07-31	
PP_000YRJ9.1	IIb	B.1.3	2022-07	2022-07-01	2022-07-31	
PP_000YRK7.1	IIb	B.1	2022-07	2022-07-01	2022-07-31	
PP_000YRL5.1	IIb	B.1.3	2022-07	2022-07-01	2022-07-31	
PP_000YRM3.1	IIb	B.1	2022-07	2022-07-01	2022-07-31	
PP_000YW31.1	IIb	E.2	2023-08	2023-08-01	2023-08-31	
PP_000YW5X.1	IIb	E.3	2023-08	2023-08-01	2023-08-31	
PP_000YXMX.1	IIb	E.2	2023-08	2023-08-01	2023-08-31	
PP_000YXPT.1	IIb	B.1.22	2023-09	2023-09-01	2023-09-30	
PP_000YXQR.1	IIb	B.1.22	2023-09	2023-09-01	2023-09-30	
PP_000YXRP.1	IIb	E.1	2023-10	2023-10-01	2023-10-31	
PP_000YXSM.1	IIb	B.1.22	2023-10	2023-10-01	2023-10-31	
PP_000YXTK.1	IIb	B.1.22	2023-10	2023-10-01	2023-10-31	
PP_000YXUH.1	IIb	E.3	2023-10	2023-10-01	2023-10-31	
PP_000YXVF.1	IIb	E.3	2023-10	2023-10-01	2023-10-31	
PP_000Z0W8.1	IIb	F.6	2023-10	2023-10-01	2023-10-31	
PP_000Z0X6.1	IIb	B.1.22	2023-10	2023-10-01	2023-10-31	
PP_000Z0Y4.1	IIb	B.1.22	2023-10	2023-10-01	2023-10-31	
PP_000Z0Z2.1	IIb	B.1.22	2023-10	2023-10-01	2023-10-31	
PP_000Z11Y.1	IIb	E.2	2023-10	2023-10-01	2023-10-31	
PP_000Z12W.1	IIb	B.1.22	2023-10	2023-10-01	2023-10-31	
PP_000Z13U.1	IIb	B.1.22	2023-10	2023-10-01	2023-10-31	
PP_000Z14S.1	IIb	E.3	2023-10	2023-10-01	2023-10-31	
PP_000Z15Q.1	IIb	B.1.22	2023-10	2023-10-01	2023-10-31	
PP_000Z16N.1	IIb	B.1.22	2023-10	2023-10-01	2023-10-31	
PP_000Z17L.1	IIb	B.1.22	2023-10	2023-10-01	2023-10-31	
PP_000Z18J.1	IIb	B.1.22	2023-10	2023-10-01	2023-10-31	
PP_000Z42T.1	IIb	E.2	2023-11-22	2023-11-22	2023-11-22	
PP_000Z5V5.1	IIb	E.3	2023	2023-01-01	2023-12-31	
PP_000Z5W3.1	IIb	B.1.22	2023	2023-01-01	2023-12-31	
PP_000Z5X1.1	IIb	B.1.22	2023	2023-01-01	2023-12-31	
PP_000Z5YZ.1	IIb	B.1.22	2023	2023-01-01	2023-12-31	
PP_000Z5ZX.1	IIb	B.1.22	2023	2023-01-01	2023-12-31	
PP_000Z7KP.1	IIb	B.1.22	2023-11	2023-11-01	2023-11-30	
PP_000Z7LM.1	IIb	B.1.22	2023-11	2023-11-01	2023-11-30	
PP_000Z7MK.1	IIb	B.1.22	2023-11	2023-11-01	2023-11-30	
PP_000Z7NH.1	IIb	B.1.22	2023-11	2023-11-01	2023-11-30	
PP_000Z7PF.1	IIb	B.1.22	2023-11	2023-11-01	2023-11-30	
PP_000Z7QD.1	IIb	B.1.22	2023-11	2023-11-01	2023-11-30	
PP_000Z7RB.1	IIb	B.1.22	2023-11	2023-11-01	2023-11-30	
PP_000Z7S9.1	IIb	E.3	2023-11	2023-11-01	2023-11-30	
PP_000Z7T7.1	IIb	B.1.22	2023-11	2023-11-01	2023-11-30	
PP_000Z7U5.1	IIb	B.1.22	2023-11	2023-11-01	2023-11-30	
PP_000Z7V3.1	IIb	F.3	2023-11	2023-11-01	2023-11-30	
PP_000Z7W1.1	IIb	B.1.22	2023-11	2023-11-01	2023-11-30	
PP_000Z7XZ.1	IIb	F.6	2023-11	2023-11-01	2023-11-30	
PP_000Z7YX.1	IIb	F.6	2023-11	2023-11-01	2023-11-30	
PP_000Z7ZV.1	IIb	F.6	2023-11	2023-11-01	2023-11-30	
PP_000Z80T.1	IIb	B.1.22	2023-11	2023-11-01	2023-11-30	
PP_000Z81R.1	IIb	E.3	2023-11	2023-11-01	2023-11-30	
PP_000Z82P.1	IIb	F.5	2023-11	2023-11-01	2023-11-30	
PP_000Z83M.1	IIb	B.1.22	2023-11	2023-11-01	2023-11-30	
PP_000Z84K.1	IIb	B.1.22	2023-11	2023-11-01	2023-11-30	
PP_000Z85H.1	IIb	B.1.22	2023-11	2023-11-01	2023-11-30	
PP_000Z86F.1	IIb	E.2	2023-11	2023-11-01	2023-11-30	
PP_000Z87D.1	IIb	B.1.22	2023-11	2023-11-01	2023-11-30	
PP_000Z88B.1	IIb	F.5	2023-11	2023-11-01	2023-11-30	
PP_000Z899.1	IIb	F.5	2023-11	2023-11-01	2023-11-30	
PP_000Z8A7.1	IIb	B.1.22	2023-11	2023-11-01	2023-11-30	
PP_000Z8B5.1	IIb	B.1.22	2023-12	2023-12-01	2023-12-31	
PP_000Z8C3.1	IIb	B.1.22	2023-12	2023-12-01	2023-12-31	
PP_000Z8D1.1	IIb	F.5	2023-12	2023-12-01	2023-12-31	
PP_000Z8EZ.1	IIb	E.1	2023-12	2023-12-01	2023-12-31	
PP_000Z8FX.1	IIb	B.1.22	2023-12	2023-12-01	2023-12-31	
PP_000Z9T5.1	IIb	F.5	2023-12	2023-12-01	2023-12-31	
PP_000Z9U3.1	IIb	B.1.22	2023-12	2023-12-01	2023-12-31	
PP_000Z9V1.1	IIb	B.1.22	2023-12	2023-12-01	2023-12-31	
PP_000Z9XX.1	IIb	B.1.22	2023-12	2023-12-01	2023-12-31	
PP_000Z9YV.1	IIb	F.5	2023-12	2023-12-01	2023-12-31	
PP_000Z9ZT.1	IIb	E.1	2023-12	2023-12-01	2023-12-31	
PP_000ZA0R.1	IIb	B.1.22	2023-12	2023-12-01	2023-12-31	
PP_000ZK72.1	IIb	F.2	2024-01	2024-01-01	2024-01-31	
PP_000ZK80.1	IIb	C.1	2024-02	2024-02-01	2024-02-29	
PP_000ZK9Y.1	IIb	E.2.1	2024-02	2024-02-01	2024-02-29	
PP_000ZKAW.1	IIb	E.1	2024-03	2024-03-01	2024-03-31	
PP_000ZKBU.1	IIb	B.1.22	2024-01	2024-01-01	2024-01-31	
PP_000ZKCS.1	IIb	E.1	2024-03	2024-03-01	2024-03-31	
PP_000ZKDQ.1	IIb	E.1	2024-03	2024-03-01	2024-03-31	
PP_000ZKEN.1	IIb	E.2.1	2024-04	2024-04-01	2024-04-30	
PP_000ZKFL.1	IIb	E.2.1	2024-04	2024-04-01	2024-04-30	
PP_000ZKGJ.1	IIb	E.1	2024-04	2024-04-01	2024-04-30	
PP_000ZKHF.1	IIb	F.5	2024-04	2024-04-01	2024-04-30	
PP_000ZRRT.1	IIb	E.1	2024-03	2024-03-01	2024-03-31	
PP_000ZRSR.1	IIb	E.2.1	2024-04	2024-04-01	2024-04-30	
PP_000ZRTP.1	IIb	F.5	2024-05	2024-05-01	2024-05-31	
PP_000ZRUM.1	IIb	B.1.23	2024-06	2024-06-01	2024-06-30	
PP_000ZRVK.1	IIb	B.1.23	2024-06	2024-06-01	2024-06-30	
PP_000ZRWH.1	IIb	B.1.23	2024-07	2024-07-01	2024-07-20	
PP_000ZRXF.1	IIb	B.1.23	2024-07	2024-07-01	2024-07-20	
PP_00105S9.1	IIb	F.5	2024-07	2024-07-01	2024-07-31	
PP_00105YX.1	IIb	B.1.23	2024-07	2024-07-01	2024-07-31	
PP_00105ZV.1	IIb	B.1.23	2024-07	2024-07-01	2024-07-31	
PP_001060T.1	IIb	B.1.23	2024-07	2024-07-01	2024-07-31	
PP_001061R.1	IIb	B.1.23	2024-07	2024-07-01	2024-07-31	
PP_001062P.1	IIb	E.1.1	2024-07	2024-07-01	2024-07-31	
PP_001063M.1	IIb	E.1.1	2024-07	2024-07-01	2024-07-31	
PP_001064K.1	IIb	B.1.23	2024-07	2024-07-01	2024-07-31	
PP_0010DHK.1	IIb	E.2.1	2024-08	2024-08-01	2024-08-31	
PP_0010DJH.1	IIb	E.2.1	2024-08	2024-08-01	2024-08-31	
PP_0010DKF.1	IIb	H.1	2024-08	2024-08-01	2024-08-31	
PP_0010DLD.1	IIb	H.1	2024-08	2024-08-01	2024-08-31	
PP_0010DMB.1	IIb	H.1	2024-08	2024-08-01	2024-08-31	
PP_0010DN9.1	IIb	E.2	2024-08	2024-08-01	2024-08-31	
PP_0010DP7.1	IIb	E.2	2024-08	2024-08-01	2024-08-31	
PP_0010DQ5.1	IIb	F.4	2024-08	2024-08-01	2024-08-31	
PP_0010DR3.1	IIb	F.6	2024-08	2024-08-01	2024-08-31	
PP_0010DS1.1	IIb	F.4	2024-08	2024-08-01	2024-08-31	
PP_0010DTZ.1	IIb	B.1.23	2024-08	2024-08-01	2024-08-31	
PP_0010DUX.1	IIb	F.4	2024-08	2024-08-01	2024-08-31	
PP_0010DVV.1	IIb	B.1.23	2024-08	2024-08-01	2024-08-31	
PP_0010DWT.1	IIb	F.4	2024-09	2024-09-01	2024-09-20	
PP_0010DXR.1	IIb	E.1.1	2024-09	2024-09-01	2024-09-20	
PP_0010DYP.1	IIb	F.4	2024-09	2024-09-01	2024-09-20	
PP_0010DZM.1	IIb	F.4	2024-09	2024-09-01	2024-09-20	
PP_0010E0K.1	IIb	F.4	2024-09	2024-09-01	2024-09-20	
PP_0010FQ3.1	IIb	E.3.1	2024-09	2024-09-01	2024-09-30	
PP_0010FR1.1	IIb	E.2.1	2024-09	2024-09-01	2024-09-30	
PP_0010FSZ.1	IIb	F.1	2024-09	2024-09-01	2024-09-30	
PP_0010FTX.1	IIb	E.1.1	2024-09	2024-09-01	2024-09-30	
PP_0010FUV.1	IIb	F.1	2024-09	2024-09-01	2024-09-30	
PP_0010GVS.1	IIb	E.2.1	2024-09	2024-09-01	2024-09-30	
PP_0010GWQ.1	IIb	F.4	2024-09	2024-09-01	2024-09-30	
PP_0010GXN.1	IIb	D.1	2024-09	2024-09-01	2024-09-30	
PP_0010GYL.1	IIb	D.1	2024-10	2024-10-01	2024-10-24	
PP_0010GZJ.1	IIb	F.4	2024-10	2024-10-01	2024-10-24	
PP_0010H0G.1	IIb	F.2.1	2024-10	2024-10-01	2024-10-24	
PP_0010H1E.1	IIb	F.2.1	2024-10	2024-10-01	2024-10-24	
PP_0010H2C.1	IIb	F.2.1	2024-10	2024-10-01	2024-10-24	
PP_0010H3A.1	IIb	F.2.1	2024-10	2024-10-01	2024-10-24	
PP_0010H48.1	IIb	J.1	2024-10	2024-10-01	2024-10-24	
PP_0010H56.1	IIb	F.2.1	2024-10	2024-10-01	2024-10-24	
PP_0010JFK.1	IIb	D.1	2024-10	2024-10-01	2024-10-31	
PP_0010JGH.1	IIb	D.1	2024-10	2024-10-01	2024-10-31	
PP_0010JHE.1	IIb	F.2.1	2024-10	2024-10-01	2024-10-31	
PP_0010JJC.1	IIb	E.2.1	2024-10	2024-10-01	2024-10-31	
PP_0010JKA.1	IIb	D.1	2024-10	2024-10-01	2024-10-31	
PP_0010JL8.1	IIb	E.1.1	2024-10	2024-10-01	2024-10-31	
PP_0010JM6.1	IIb	C.1.2	2024-11	2024-11-01	2024-11-30	
PP_0010JN4.1	IIb	E.2.1	2024-11	2024-11-01	2024-11-30	
PP_0010JP2.1	IIb	F.4	2024-11	2024-11-01	2024-11-30	
PP_0010JQ0.1	IIb	F.4	2024-11	2024-11-01	2024-11-30	
PP_0010JRY.1	IIb	D.1	2024-11	2024-11-01	2024-11-30	
PP_0010JSW.1	IIb	D.1	2024-11	2024-11-01	2024-11-30	
PP_0010JTU.1	IIb	D.1	2024-11	2024-11-01	2024-11-30	
PP_0010JUS.1	IIb	J.1	2024-11	2024-11-01	2024-11-30	
PP_0010JVQ.1	IIb	F.2.1	2024-11	2024-11-01	2024-11-30	
PP_0010JWN.1	IIb	D.1	2024-11	2024-11-01	2024-11-30	
PP_0010JXL.1	IIb	D.1	2024-11	2024-11-01	2024-11-30	
PP_0010JYJ.1	IIb	D.1	2024-11	2024-11-01	2024-11-30	
PP_0010JZG.1	IIb	D.1	2024-11	2024-11-01	2024-11-30	
PP_0010K0E.1	IIb	C.1.2	2024-11	2024-11-01	2024-11-30	
PP_0010K1C.1	IIb	F.4	2024-11	2024-11-01	2024-11-30	
PP_0010K2A.1	IIb	E.2.1	2024-11	2024-11-01	2024-11-30	
PP_0010K38.1	IIb	D.1	2024-11	2024-11-01	2024-11-30	
PP_0010K46.1	IIb	F.4	2024-11	2024-11-01	2024-11-30	
PP_0010K54.1	IIb	F.4	2024-11	2024-11-01	2024-11-30	
PP_0010K62.1	IIb	F.2.1	2024-11	2024-11-01	2024-11-30	
PP_0010K70.1	IIb	F.2.1	2024-11	2024-11-01	2024-11-30	
PP_00112W2.1	IIb	C.1.2	2024-11	2024-11-01	2024-11-30	
PP_00112X0.1	IIb	E.1.1	2024-11	2024-11-01	2024-11-30	
PP_00112YY.1	IIb	D.1	2024-11	2024-11-01	2024-11-30	
PP_00112ZW.1	IIb	D.1	2024-11	2024-11-01	2024-11-30	
PP_001130U.1	IIb	E.1.1	2024-11	2024-11-01	2024-11-30	
PP_001131S.1	IIb	E.1.1	2024-11	2024-11-01	2024-11-30	
PP_001132Q.1	IIb	C.1.2	2024-11	2024-11-01	2024-11-30	
PP_001133N.1	IIb	C.1.2	2024-11	2024-11-01	2024-11-30	
PP_001134L.1	IIb	E.1.1	2024-11	2024-11-01	2024-11-30	
PP_001135J.1	IIb	E.1.1	2024-11	2024-11-01	2024-11-30	
PP_001136G.1	IIb	F.4	2024-11	2024-11-01	2024-11-30	
PP_001137E.1	IIb	F.2.1	2024-12	2024-12-01	2024-12-31	
PP_001138C.1	IIb	C.1.2	2024-12	2024-12-01	2024-12-31	
PP_001139A.1	IIb	D.1	2024-12	2024-12-01	2024-12-31	
PP_00113A8.1	IIb	D.1	2024-12	2024-12-01	2024-12-31	
PP_00113B6.1	IIb	C.1.2	2024-12	2024-12-01	2024-12-31	
PP_00113C4.1	IIb	E.2.1	2024-12	2024-12-01	2024-12-31	
PP_00113D2.1	IIb	E.1.1	2024-12	2024-12-01	2024-12-31	
PP_00113E0.1	IIb	E.1.1	2024-12	2024-12-01	2024-12-31	
PP_00113FY.1	IIb	D.1	2024-12	2024-12-01	2024-12-31	
PP_00113GW.1	IIb	C.1.2	2024-12	2024-12-01	2024-12-31	
PP_00113HT.1	IIb	E.2.1	2024-12	2024-12-01	2024-12-31	
PP_00113JR.1	IIb	E.1.1	2024-12	2024-12-01	2024-12-31	
PP_00113KP.1	IIb	E.2.1	2024-12	2024-12-01	2024-12-31	
PP_00113LM.1	IIb	F.2.1	2024-12	2024-12-01	2024-12-31	
PP_00113MK.1	IIb	C.1.2	2024-11	2024-11-01	2024-11-30	
PP_00113NH.1	IIb	D.1	2024-11	2024-11-01	2024-11-30	
PP_00113PF.1	IIb	C.1.2	2024-11	2024-11-01	2024-11-30	
PP_00113QD.1	IIb	D.1	2024-11	2024-11-01	2024-11-30	
PP_00113RB.1	IIb	E.1.1	2024-11	2024-11-01	2024-11-30	
PP_00113S9.1	IIb	F.4	2024-11	2024-11-01	2024-11-30	
PP_00113T7.1	IIb	E.1.1	2024-12	2024-12-01	2024-12-31	
PP_00113U5.1	IIb	D.1	2024-12	2024-12-01	2024-12-31	
PP_00113V3.1	IIb	C.1.2	2024-12	2024-12-01	2024-12-31	
PP_00113W1.1	IIb	E.1.1	2024-12	2024-12-01	2024-12-31	
PP_00113XZ.1	IIb	C.1.2	2024-12	2024-12-01	2024-12-31	
PP_00113YX.1	IIb	J.1	2024-12	2024-12-01	2024-12-31	
PP_00113ZV.1	IIb	J.1	2025-01-01/2025-01-23	2025-01-01	2025-01-23	
PP_001140T.1	IIb	F.4	2025-01-01/2025-01-23	2025-01-01	2025-01-23	
PP_001141R.1	IIb	C.1.2	2025-01-01/2025-01-23	2025-01-01	2025-01-23	
PP_001142P.1	IIb	E.1.1	2025-01-01/2025-01-23	2025-01-01	2025-01-23	
PP_001143M.1	IIb	C.1.2	2025-01-01/2025-01-23	2025-01-01	2025-01-23	
PP_001144K.1	IIb	F.4	2025-01-01/2025-01-23	2025-01-01	2025-01-23	
PP_00144R4.1	IIb	F.2	2025-01	2025-01-01	2025-01-31	
PP_00144S2.1	IIb	E.1.1	2025-01	2025-01-01	2025-01-31	
PP_00144T0.1	IIb	F.4	2025-01	2025-01-01	2025-01-31	
PP_00144UY.1	IIb	E.1.1	2025-01	2025-01-01	2025-01-31	
PP_00144VW.1	IIb	E.1.1	2025-01	2025-01-01	2025-01-31	
PP_00144WU.1	IIb	C.1.2	2025-01	2025-01-01	2025-01-31	
PP_00144XS.1	IIb	C.1.2	2025-01	2025-01-01	2025-01-31	
PP_00144YQ.1	IIb	F.4	2025-01	2025-01-01	2025-01-31	
PP_00144ZN.1	IIb	E.1.1	2025-01	2025-01-01	2025-01-31	
PP_001450L.1	IIb	E.1.1	2025-01	2025-01-01	2025-01-31	
PP_001451J.1	IIb	C.1.2	2025-01	2025-01-01	2025-01-31	
PP_001452G.1	IIb	C.1.2	2025-01	2025-01-01	2025-01-31	
PP_001453E.1	IIb	C.1.2	2025-01	2025-01-01	2025-01-31	
PP_001454C.1	IIb	E.1.1	2025-02-01/2025-02-25	2025-02-01	2025-02-25	
PP_001455A.1	IIb	E.2.1	2025-02-01/2025-02-25	2025-02-01	2025-02-25	
PP_0014568.1	IIb	C.1.2	2025-01	2025-01-01	2025-01-31	
PP_0014576.1	IIb	E.1.1	2025-01	2025-01-01	2025-01-31	
PP_0014584.1	IIb	E.1.1	2025-01	2025-01-01	2025-01-31	
PP_0014592.1	IIb	E.1.1	2025-01	2025-01-01	2025-01-31	
PP_00145A0.1	IIb	E.1.1	2025-01	2025-01-01	2025-01-31	
PP_00145BY.1	IIb	E.1.1	2025-01	2025-01-01	2025-01-31	
PP_00145CW.1	IIb	C.1.2	2025-01	2025-01-01	2025-01-31	
PP_00145DU.1	IIb	C.1.2	2025-01	2025-01-01	2025-01-31	
PP_00145ES.1	IIb	E.1.1	2025-01	2025-01-01	2025-01-31	
PP_00145FQ.1	IIb	C.1.2	2025-01	2025-01-01	2025-01-31	
PP_00145GN.1	IIb	C.1.2	2025-01	2025-01-01	2025-01-31	
PP_00145HK.1	IIb	D.1	2025-01	2025-01-01	2025-01-31	
PP_00145JH.1	IIb	F.2.1	2025-01	2025-01-01	2025-01-31	
PP_00145KF.1	IIb	F.4	2025-01	2025-01-01	2025-01-31	
PP_00145MB.1	IIb	C.1.2	2025-02-01/2025-02-25	2025-02-01	2025-02-25	
PP_00145N9.1	IIb	E.1.1	2025-02-01/2025-02-25	2025-02-01	2025-02-25	
PP_00145P7.1	IIb	F.4	2025-02-01/2025-02-25	2025-02-01	2025-02-25	
PP_00145Q5.1	IIb	C.1.2	2025-01	2025-01-01	2025-01-31	
PP_00145R3.1	IIb	C.1.2	2025-01	2025-01-01	2025-01-31	
PP_00145S1.1	IIb	C.1.2	2025-01	2025-01-01	2025-01-31	
PP_00145TZ.1	IIb	C.1.2	2025-01	2025-01-01	2025-01-31	
PP_00147N7.1	IIb	E.1.1	2025-02-01/2025-02-27	2025-02-01	2025-02-27	
PP_00147P5.1	IIb	F.4	2025-02-01/2025-02-27	2025-02-01	2025-02-27	
PP_00147Q3.1	IIb	C.1.2	2025-02-01/2025-02-27	2025-02-01	2025-02-27	
PP_00147R1.1	IIb	F.4	2025-02-01/2025-02-27	2025-02-01	2025-02-27	
PP_00147SZ.1	IIb	E.1.1	2025-02-01/2025-02-27	2025-02-01	2025-02-27	
PP_00147TX.1	IIb	F.4	2025-02-01/2025-02-27	2025-02-01	2025-02-27	
PP_00147UV.1	IIb	E.1.1	2025-02-01/2025-02-27	2025-02-01	2025-02-27	
PP_00147VT.1	IIb	F.4	2025-02-01/2025-02-27	2025-02-01	2025-02-27	
PP_00147WR.1	IIb	E.1.1	2025-02-01/2025-02-27	2025-02-01	2025-02-27	
PP_00147XP.1	IIb	E.1.1	2025-02-01/2025-02-27	2025-02-01	2025-02-27	
PP_00147YM.1	IIb	F.4	2025-02-01/2025-02-27	2025-02-01	2025-02-27	
PP_00147ZK.1	IIb	F.4	2025-02-01/2025-02-27	2025-02-01	2025-02-27	
PP_0014EPY.1	Ib	A.5	2025-01	2025-01-01	2025-01-31	
PP_0014EQW.1	Ib	A.2	2025-01	2025-01-01	2025-01-31	
PP_0014ERU.1	Ib	A.4	2024-12	2024-12-01	2024-12-31	
PP_0014ESS.1	Ib	A.4	2024-12	2024-12-01	2024-12-31	
PP_0014ETQ.1	IIb	E.1.1	2025-02	2025-02-01	2025-02-28	
PP_0014EUN.1	IIb	E.1.1	2025-02	2025-02-01	2025-02-28	
PP_0014EVL.1	IIb	C.1.2	2025-03-01/2025-03-18	2025-03-01	2025-03-18	
PP_0014EWJ.1	IIb	F.4	2025-03-01/2025-03-18	2025-03-01	2025-03-18	
PP_0014EXG.1	IIb	F.4	2025-03-01/2025-03-18	2025-03-01	2025-03-18	
PP_0014EYE.1	IIb	F.2.1	2025-03-01/2025-03-18	2025-03-01	2025-03-18	
PP_0014EZC.1	IIb	F.2.1	2025-03-01/2025-03-18	2025-03-01	2025-03-18	
PP_0014F0A.1	IIb	F.2.1	2025-03-01/2025-03-18	2025-03-01	2025-03-18	
PP_0014F26.1	Ib	A.4	2025-02	2025-02-01	2025-02-28	
PP_0014F34.1	Ib	A.4	2024-12	2024-12-01	2024-12-31	
PP_0015GK2.1	IIb	E.1.1	2025-03	2025-03-01	2025-03-31	
PP_0015GL0.1	IIb	E.1.1	2025-03	2025-03-01	2025-03-31	
PP_0015GMY.1	IIb	E.1.1	2025-03	2025-03-01	2025-03-31	
PP_0015GNW.1	IIb	F.4	2025-03	2025-03-01	2025-03-31	
PP_0015GPU.1	IIb	E.1.1	2025-03	2025-03-01	2025-03-31	
PP_0015GQS.1	IIb	F.2.1	2025-03	2025-03-01	2025-03-31	
PP_0015GRQ.1	IIb	F.2.1	2025-03	2025-03-01	2025-03-31	
PP_0015GSN.1	IIb	F.2.1	2025-03	2025-03-01	2025-03-31	
PP_0015GTL.1	IIb	E.1.1	2025-03	2025-03-01	2025-03-31	
PP_0015GUJ.1	IIb	C.1.2	2025-03	2025-03-01	2025-03-31	
PP_0015GVG.1	IIb	E.1.1	2025-03	2025-03-01	2025-03-31	
PP_0015GWE.1	IIb	F.4.1	2025-03	2025-03-01	2025-03-31	
PP_0015GXC.1	IIb	F.2.1	2025-03	2025-03-01	2025-03-31	
PP_0015GYA.1	IIb	F.2.1	2025-03	2025-03-01	2025-03-31	
PP_0015GZ8.1	IIb	E.1.1	2025-03	2025-03-01	2025-03-31	
PP_0015H06.1	IIb	E.1.1	2025-03	2025-03-01	2025-03-31	
PP_0015H14.1	IIb	F.2.1	2025-03	2025-03-01	2025-03-31	
PP_0015H22.1	IIb	F.4.1	2025-03	2025-03-01	2025-03-31	
PP_0015H30.1	IIb	E.1.1	2025-03	2025-03-01	2025-03-31	
PP_0015H4Y.1	IIb	E.1.1	2025-03	2025-03-01	2025-03-31	
PP_0015H5W.1	IIb	F.2.1	2025-03	2025-03-01	2025-03-31	
PP_0015H6U.1	IIb	E.1.1	2025-03	2025-03-01	2025-03-31	
PP_0015H7S.1	IIb	F.2.1	2025-03	2025-03-01	2025-03-31	
PP_0015H8Q.1	IIb	G.1	2025-03	2025-03-01	2025-03-31	
PP_0015H9N.1	IIb	G.1	2025-03	2025-03-01	2025-03-31	
PP_0015HAL.1	IIb	E.1.1	2025-03	2025-03-01	2025-03-31	
PP_0015HBJ.1	IIb	F.2.1	2025-04-01/2025-04-23	2025-04-01	2025-04-22	
PP_0015HCG.1	IIb	F.2.1	2025-04-01/2025-04-23	2025-04-01	2025-04-22	
PP_0015HDE.1	IIb	E.1.1	2025-04-01/2025-04-23	2025-04-01	2025-04-22	
PP_0015HEC.1	IIb	F.1	2025-04-01/2025-04-23	2025-04-01	2025-04-22	
PP_0015HFA.1	IIb	F.4	2025-01	2025-01-01	2025-01-31	
PP_0015HG8.1	IIb	F.4.1	2025-03	2025-03-01	2025-03-31	
PP_0015HH5.1	IIb	E.1.1	2025-03	2025-03-01	2025-03-31	
PP_0015HJ3.1	IIb	F.4.1	2025-03	2025-03-01	2025-03-31	
PP_0015HK1.1	IIb	E.1.1	2025-03	2025-03-01	2025-03-31	
PP_0015HLZ.1	IIb	F.2.1	2025-03	2025-03-01	2025-03-31	
PP_0015HMX.1	IIb	C.1.2	2025-03	2025-03-01	2025-03-31	
PP_0015HNV.1	IIb	F.4.1	2025-03	2025-03-01	2025-03-31	
PP_0015HPT.1	IIb	E.1.1	2025-04-01/2025-04-26	2025-04-01	2025-04-25	
PP_0015HQR.1	IIb	E.1.1	2025-04-01/2025-04-26	2025-04-01	2025-04-25	
PP_0015HRP.1	IIb	F.4.1	2025-04-01/2025-04-26	2025-04-01	2025-04-25	
PP_0015HSM.1	IIb	F.4.1	2025-04-01/2025-04-26	2025-04-01	2025-04-25	
PP_0015HTK.1	IIb	E.1.1	2025-04-01/2025-04-26	2025-04-01	2025-04-25	
PP_0015HUH.1	IIb	C.1.2	2025-04-01/2025-04-26	2025-04-01	2025-04-25	
PP_0015HVF.1	IIb	E.1.1	2025-04-01/2025-04-26	2025-04-01	2025-04-25	
PP_0015HWD.1	IIb	F.4	2025-04-01/2025-04-26	2025-04-01	2025-04-25	
PP_0015HXB.1	IIb	E.1.1	2025-04-01/2025-04-26	2025-04-01	2025-04-25	
PP_0015HY9.1	IIb	F.2.1	2025-04-01/2025-04-26	2025-04-01	2025-04-25	
PP_0015HZ7.1	IIb	F.4.1	2025-04-01/2025-04-26	2025-04-01	2025-04-25	
PP_0015J05.1	IIb	E.1.1	2025-04-01/2025-04-26	2025-04-01	2025-04-25	
PP_0015L3X.1	IIb	F.4	2025-04	2025-04-01	2025-04-30	
PP_0015L4V.1	IIb	E.1.1	2025-04	2025-04-01	2025-04-30	
PP_0015L5T.1	IIb	E.1.1	2025-04	2025-04-01	2025-04-30	
PP_0015L6R.1	IIb	F.2.1	2025-04	2025-04-01	2025-04-30	
PP_0015L7P.1	IIb	F.4.1	2025-04	2025-04-01	2025-04-30	
PP_0015L8M.1	IIb	E.1.1	2025-04	2025-04-01	2025-04-30	
PP_0015L9K.1	IIb	F.4.1	2025-04	2025-04-01	2025-04-30	
PP_0015LAH.1	IIb	F.4.1	2025-04	2025-04-01	2025-04-30	
PP_0015LBF.1	IIb	F.4.1	2025-04	2025-04-01	2025-04-30	
PP_0015LG5.1	IIb	F.4	2025-04	2025-04-01	2025-04-30	
PP_0015LH2.1	IIb	E.1.1	2025-04	2025-04-01	2025-04-30	
PP_0015LJ0.1	IIb	E.1.1	2025-04	2025-04-01	2025-04-30	
PP_0015LKY.1	IIb	F.2.1	2025-04	2025-04-01	2025-04-30	
PP_0015LLW.1	IIb	E.3.1	2025-04	2025-04-01	2025-04-30	
PP_0015LMU.1	IIb	E.1.1	2025-04	2025-04-01	2025-04-30	
PP_0015LNS.1	IIb	F.4	2025-04	2025-04-01	2025-04-30	
PP_002XE5D.1	IIb	F.4.1	2025-05-01/2025-05-23	2025-05-01	2025-05-15	
PP_002XQ8X.1	IIb	F.4.1	2025-04	2025-04-01	2025-04-30	
PP_002XQAT.1	IIb	E.1.1	2025-04	2025-04-01	2025-04-30	
PP_002XQBR.1	IIb	E.1.1	2025-04	2025-04-01	2025-04-30	
PP_002XQCP.1	IIb	F.1	2025-04	2025-04-01	2025-04-30	
PP_002XQDM.1	IIb	F.1	2025-04	2025-04-01	2025-04-30	
PP_002XQEK.1	IIb	F.1	2025-04	2025-04-01	2025-04-30	
PP_002XQFH.1	IIb	F.4.1	2025-04	2025-04-01	2025-04-30	
PP_002XQGF.1	IIb	F.4.1	2025-04	2025-04-01	2025-04-30	
PP_002XQHC.1	IIb	F.1	2025-04	2025-04-01	2025-04-30	
PP_002XQJA.1	Ib	A.2	2025-04	2025-04-01	2025-04-30	
PP_002XQK8.1	Ib	A.2	2025-04	2025-04-01	2025-04-30	
PP_002XQL6.1	Ib	A.2	2025-04	2025-04-01	2025-04-30	
PP_002XQM4.1	IIb	E.3.1	2025-05-01/2025-05-28	2025-05-01	2025-05-15	
PP_002XQN2.1	IIb	F.4.1	2025-05-01/2025-05-28	2025-05-01	2025-05-15	
PP_002XQP0.1	IIb	F.4.1	2025-05-01/2025-05-28	2025-05-01	2025-05-15	
PP_002XQQY.1	IIb	F.4.1	2025-05-01/2025-05-28	2025-05-01	2025-05-15	
PP_002XQRW.1	IIb	F.4	2025-05-01/2025-05-28	2025-05-01	2025-05-15	
PP_002XQSU.1	IIb	F.4	2025-05-01/2025-05-28	2025-05-01	2025-05-15	
PP_002XQTS.1	IIb	F.4.1	2025-05-01/2025-05-28	2025-05-01	2025-05-15	
PP_002XQUQ.1	IIb	C.1.2	2025-05-01/2025-05-28	2025-05-01	2025-05-15	
PP_002XQVN.1	IIb	C.1.2	2025-05-01/2025-05-28	2025-05-01	2025-05-15	
PP_002XQWL.1	IIb	C.1.2	2025-05-01/2025-05-28	2025-05-01	2025-05-15	
PP_002XQXJ.1	IIb	E.3.1	2025-05-01/2025-05-28	2025-05-01	2025-05-15	
PP_002XQYG.1	IIb	E.3.1	2025-05-01/2025-05-28	2025-05-01	2025-05-15	
PP_002XQZE.1	IIb	E.3.1	2025-05-01/2025-05-28	2025-05-01	2025-05-23	
PP_002XR0C.1	IIb	F.4	2025-05-01/2025-05-28	2025-05-01	2025-05-23	
PP_002XR1A.1	IIb	F.4	2025-05-01/2025-05-28	2025-05-01	2025-05-23	
PP_002XR28.1	IIb	F.4.1	2025-05-01/2025-05-28	2025-05-01	2025-05-23	
PP_002XR36.1	IIb	F.4	2025-05-01/2025-05-28	2025-05-01	2025-05-23	
PP_002XR44.1	IIb	F.4	2025-05-01/2025-05-28	2025-05-01	2025-05-23	
PP_002XR52.1	IIb	F.4	2025-05-01/2025-05-28	2025-05-01	2025-05-23	
PP_004BUUR.1	IIb	B.1	2022-05-19	2022-05-19	2022-05-19	
PP_006WHGL.1	IIb	F.4	2025-05	2025-05-01	2025-05-31	
PP_006WHHH.1	IIb	F.4	2025-05	2025-05-01	2025-05-31	
PP_006WHJF.1	IIb	A.2.2	2025-05	2025-05-01	2025-05-31	
PP_006WHKD.1	IIb	F.4.1	2025-05	2025-05-01	2025-05-31	
PP_006WHLB.1	IIb	F.4	2025-05	2025-05-01	2025-05-31	
PP_006WHM9.1	IIb	F.4	2025-05	2025-05-01	2025-05-31	
PP_006WHN7.1	IIb	C.1.2	2025-05	2025-05-01	2025-05-31	
PP_006WHP5.1	IIb	F.4	2025-05	2025-05-01	2025-05-31	
PP_006WHQ3.1	IIb	F.4	2025-05	2025-05-01	2025-05-31	
PP_006WHR1.1	IIb	F.4	2025-05	2025-05-01	2025-05-31	
PP_006WHSZ.1	IIb	F.4	2025-05	2025-05-01	2025-05-31	
PP_006WHTX.1	IIb	F.4	2025-05	2025-05-01	2025-05-31	
PP_006WHUV.1	IIb	C.1.2	2025-05	2025-05-01	2025-05-31	
PP_006WHVT.1	IIb	F.4	2025-05	2025-05-01	2025-05-31	
PP_006WHWR.1	IIb	F.4	2025-05	2025-05-01	2025-05-31	
PP_006WHXP.1	IIb	F.4	2025-05	2025-05-01	2025-05-31	
PP_006WHYM.1	IIb	F.4	2025-05	2025-05-01	2025-05-31	
PP_006WHZK.1	IIb	F.1	2025-05	2025-05-01	2025-05-31	
PP_006WJ0H.1	IIb	F.1	2025-05	2025-05-01	2025-05-31	
PP_006WJ1F.1	IIb	E.1.1	2025-05	2025-05-01	2025-05-31	
PP_006WJ2D.1	IIb	E.1.1	2025-06	2025-06-01	2025-06-30	
PP_006WJ3B.1	IIb	F.4	2025-06	2025-06-01	2025-06-30	
PP_006WJ49.1	IIb	F.4	2025-06	2025-06-01	2025-06-30	
PP_006WJ57.1	IIb	F.4	2025-06	2025-06-01	2025-06-30	
PP_006WJ65.1	IIb	G.1	2025-06	2025-06-01	2025-06-30	
PP_006WJ73.1	IIb	F.4	2025-06	2025-06-01	2025-06-30	
PP_006WJ81.1	IIb	F.4	2025-06	2025-06-01	2025-06-30	
PP_006WJ9Z.1	IIb	F.4	2025-06	2025-06-01	2025-06-30	
PP_006WJAX.1	IIb	F.4	2025-06	2025-06-01	2025-06-30	
PP_006WJBV.1	IIb	E.1.1	2025-06	2025-06-01	2025-06-30	
PP_006WJCT.1	IIb	F.4.1	2025-06	2025-06-01	2025-06-30	
PP_006WJDR.1	IIb	F.4	2025-06	2025-06-01	2025-06-30	
PP_006WJEP.1	IIb	F.4	2025-06	2025-06-01	2025-06-30	
PP_006WJFM.1	IIb	F.4	2025-06	2025-06-01	2025-06-30	
PP_006WJGK.1	IIb	E.1.1	2025-06	2025-06-01	2025-06-30	
PP_006WJHG.1	IIb	F.4	2025-06	2025-06-01	2025-06-30	
PP_006WJJE.1	IIb	F.4	2025-06	2025-06-01	2025-06-30	
PP_006WJKC.1	IIb	E.1.1	2025-06	2025-06-01	2025-06-30	
PP_006WJLA.1	IIb	F.4.1	2025-06	2025-06-01	2025-06-30	
PP_006WJM8.1	IIb	F.4	2025-06	2025-06-01	2025-06-30	
PP_006WJN6.1	IIb	E.1.1	2025-06	2025-06-01	2025-06-30	
PP_006WJP4.1	IIb	F.4.1	2025-06	2025-06-01	2025-06-30	
PP_006WJQ2.1	IIb	E.1.1	2025-06	2025-06-01	2025-06-30	
PP_006WJR0.1	IIb	E.1.1	2025-06	2025-06-01	2025-06-30	
PP_006WJSY.1	IIb	F.4	2025-06	2025-06-01	2025-06-30	
PP_006WJTW.1	IIb	F.4	2025-06	2025-06-01	2025-06-30	
PP_006WJUU.1	IIb	F.2	2025-06	2025-06-01	2025-06-30	
PP_006WJVS.1	IIb	F.4.1	2025-06	2025-06-01	2025-06-30	
PP_006WJWQ.1	IIb	F.4	2025-06	2025-06-01	2025-06-30	
PP_006WJXN.1	IIb	F.4	2025-06	2025-06-01	2025-06-30	
PP_006WJYL.1	IIb	E.1.1	2025-06	2025-06-01	2025-06-30	
PP_006WJZJ.1	IIb	E.1.1	2025-06	2025-06-01	2025-06-30	
PP_006WK0G.1	IIb	F.4.1	2025-06	2025-06-01	2025-06-30	
PP_006WK1E.1	IIb	F.4	2025-07	2025-07-01	2025-07-31	
PP_006WK2C.1	IIb	F.4.1	2025-07	2025-07-01	2025-07-31	
PP_006WK3A.1	IIb	F.4	2025-07	2025-07-01	2025-07-31	
PP_006WK48.1	IIb	F.4	2025-07	2025-07-01	2025-07-31	
PP_006WK56.1	IIb	F.4.1	2025-07	2025-07-01	2025-07-31	
PP_006WK64.1	IIb	F.4.1	2025-07	2025-07-01	2025-07-31	
PP_006WK72.1	IIb	E.1.1	2025-07	2025-07-01	2025-07-31	
PP_006WK80.1	IIb	F.4.1	2025-07	2025-07-01	2025-07-31	
PP_006WK9Y.1	IIb	F.4	2025-07	2025-07-01	2025-07-31	
PP_006WKAW.1	IIb	E.1.1	2025-07	2025-07-01	2025-07-31	
PP_006WKBU.1	IIb	F.4	2025-07	2025-07-01	2025-07-31	
PP_006WKCS.1	IIb	E.1.1	2025-07	2025-07-01	2025-07-31	
PP_006WKDQ.1	IIb	F.4	2025-07	2025-07-01	2025-07-31	
PP_006WKEN.1	IIb	F.4	2025-07	2025-07-01	2025-07-31	
PP_006WKFL.1	IIb	E.1.1	2025-07	2025-07-01	2025-07-31	
PP_006WKGJ.1	IIb	E.1.1	2025-07	2025-07-01	2025-07-31	
PP_006WKHF.1	IIb	E.1.1	2025-07	2025-07-01	2025-07-31	
PP_006WKJD.1	IIb	F.2	2025-07	2025-07-01	2025-07-31	
PP_006WKKB.1	IIb	E.1.1	2025-07	2025-07-01	2025-07-31	
PP_006WKL9.1	IIb	F.4	2025-07	2025-07-01	2025-07-31	
PP_006WKM7.1	IIb	E.1.1	2025-07	2025-07-01	2025-07-31	
PP_006WKN5.1	IIb	F.4.1	2025-07	2025-07-01	2025-07-31	
PP_006WKP3.1	IIb	F.4	2025-07	2025-07-01	2025-07-31	
PP_006WKQ1.1	IIb	F.4.1	2025-07	2025-07-01	2025-07-31	
PP_006WKRZ.1	IIb	F.4.1	2025-07	2025-07-01	2025-07-31	
PP_006WKSX.1	Ib	A.1	2025-07	2025-07-01	2025-07-31	
PP_006WQXG.1	IIb	F.4	2025-07	2025-07-01	2025-07-31	
PP_006WQYE.1	IIb	F.4.1	2025-08	2025-08-01	2025-08-31	
PP_006WQZC.1	IIb	F.4.1	2025-08	2025-08-01	2025-08-31	
PP_006WR0A.1	IIb	F.4.1	2025-08	2025-08-01	2025-08-31	
PP_006WR18.1	IIb	F.4	2025-08	2025-08-01	2025-08-31	
PP_006WR26.1	IIb	F.4.1	2025-08	2025-08-01	2025-08-31	
PP_006WR34.1	IIb	F.4	2025-08	2025-08-01	2025-08-31	
PP_006WR42.1	IIb	F.4	2025-08	2025-08-01	2025-08-31	
PP_006WR50.1	IIb	F.4.1	2025-08	2025-08-01	2025-08-31	
PP_006WR6Y.1	IIb	E.3.1	2025-08	2025-08-01	2025-08-31	
PP_006WR7W.1	IIb	F.4.1	2025-08	2025-08-01	2025-08-31	
PP_006WR8U.1	IIb	F.4	2025-09	2025-09-01	2025-09-30	
PP_006WR9S.1	IIb	F.4	2025-09	2025-09-01	2025-09-30	
PP_006WRAQ.1	IIb	F.4	2025-09	2025-09-01	2025-09-30	
PP_006WRBN.1	IIb	E.1.1	2025-09	2025-09-01	2025-09-30	
PP_006WRCL.1	IIb	F.2	2025-09	2025-09-01	2025-09-30	
PP_006WRDJ.1	IIb	E.1.1	2025-09	2025-09-01	2025-09-30	
PP_006WREG.1	IIb	F.2	2025-09	2025-09-01	2025-09-30	
PP_006WRFE.1	IIb	F.4.1	2025-09	2025-09-01	2025-09-30	
PP_006WRGC.1	IIb	F.4.1	2025-09	2025-09-01	2025-09-30	
PP_006WRH9.1	IIb	F.4.1	2025-09	2025-09-01	2025-09-30	
PP_006WRJ7.1	IIb	F.2	2025-09	2025-09-01	2025-09-30	
PP_006WRK5.1	IIb	G.1	2025-09	2025-09-01	2025-09-30	
PP_006WRL3.1	IIb	E.1.1	2025-10	2025-10-01	2025-10-31	
PP_006WRM1.1	IIb	F.4.1	2025-10	2025-10-01	2025-10-31	
PP_006WRNZ.1	IIb	F.4.1	2025-10	2025-10-01	2025-10-31	
PP_006WRPX.1	IIb	F.4.1	2025-10	2025-10-01	2025-10-31	
PP_006WRQV.1	IIb	F.4.1	2025-10	2025-10-01	2025-10-31	
PP_006WRRT.1	IIb	F.4.1	2025-10	2025-10-01	2025-10-31	
PP_006WRSR.1	IIb	F.4.1	2025-10	2025-10-01	2025-10-31	
PP_006WRTP.1	IIb	F.2	2025-10	2025-10-01	2025-10-31	
PP_006WRUM.1	IIb	F.4.1	2025-10	2025-10-01	2025-10-31	
PP_006WRVK.1	IIb	F.4.1	2025-10	2025-10-01	2025-10-31	
PP_006WRWH.1	IIb	F.2	2025-10	2025-10-01	2025-10-31	
PP_006WRXF.1	IIb	F.4.1	2025-10	2025-10-01	2025-10-31	
PP_006WRYD.1	IIb	F.4.1	2025-10	2025-10-01	2025-10-31	
PP_006WRZB.1	IIb	F.4.1	2025-10	2025-10-01	2025-10-31	
PP_006WS09.1	IIb	F.2	2025-10	2025-10-01	2025-10-31	
PP_006WS17.1	IIb	F.4.1	2025-10	2025-10-01	2025-10-31	
PP_006WS25.1	IIb	F.4.1	2025-10	2025-10-01	2025-10-31	
PP_006WS33.1	IIb	F.2	2025-10	2025-10-01	2025-10-31	
PP_006WS41.1	IIb	F.4.1	2025-10	2025-10-01	2025-10-31	
PP_006WS5Z.1	IIb	F.4.1	2025-10	2025-10-01	2025-10-31	
PP_006WS6X.1	IIb	F.4.1	2025-10	2025-10-01	2025-10-31	
PP_006WS7V.1	IIb	E.3.1	2025-10	2025-10-01	2025-10-31	
PP_006WS8T.1	IIb	F.4.1	2025-11	2025-11-01	2025-11-30	
PP_006WS9R.1	IIb	F.4.1	2025-11	2025-11-01	2025-11-30	
PP_006WSAP.1	IIb	F.2	2025-11	2025-11-01	2025-11-30	
PP_006WSBM.1	IIb	F.4	2025-11	2025-11-01	2025-11-30	
PP_006WSCK.1	IIb	F.4.1	2025-11	2025-11-01	2025-11-30	
PP_006WSDH.1	IIb	F.4.1	2025-11	2025-11-01	2025-11-30	
PP_006WSEF.1	IIb	F.4.1	2025-11	2025-11-01	2025-11-30	
PP_006WSFD.1	IIb	F.4.1	2025-11	2025-11-01	2025-11-30	
PP_006WSGB.1	IIb	F.4	2025-11	2025-11-01	2025-11-30	
PP_006WSH8.1	IIb	F.2	2025-11	2025-11-01	2025-11-30	
PP_006WSJ6.1	IIb	F.2	2025-11	2025-11-01	2025-11-30	
PP_006WSK4.1	IIb	F.2	2025-11	2025-11-01	2025-11-30	
PP_006WSL2.1	IIb	F.4.1	2025-11	2025-11-01	2025-11-30	
PP_006WSM0.1	IIb	F.2	2025-11	2025-11-01	2025-11-30	
PP_006WSNY.1	IIb	F.2	2025-12	2025-12-01	2025-12-23	
PP_006WSPW.1	IIb	F.2	2025-11	2025-11-01	2025-11-30	
PP_006WSQU.1	IIb	F.4.1	2025-12	2025-12-01	2025-12-23	
PP_006WSRS.1	IIb	F.4.1	2025-12	2025-12-01	2025-12-23	
PP_006WSSQ.1	IIb	F.4	2025-12	2025-12-01	2025-12-23	
PP_006WSTN.1	IIb	F.4	2025-12	2025-12-01	2025-12-23	
PP_006WSUL.1	IIb	F.4	2025-12	2025-12-01	2025-12-23	
PP_006WSVJ.1	IIb	F.4.1	2025-12	2025-12-01	2025-12-23	
PP_006WSWG.1	IIb	F.4.1	2025-12	2025-12-01	2025-12-23	
PP_006WSXE.1	Ib	A.4.1	2025-08	2025-08-01	2025-08-31	
PP_006WU31.1	Ib	A.4.1	2025-12	2025-12-01	2025-12-31	
PP_006WUAM.1	IIb	F.4.1	2025-12	2025-12-01	2025-12-31	
PP_006WUBK.1	IIb	F.4.1	2025-12	2025-12-01	2025-12-31	
PP_006WUCH.1	IIb	F.4.1	2025-12	2025-12-01	2025-12-31	
PP_006WUDF.1	IIb	F.4.1	2025-12	2025-12-01	2025-12-31	
PP_006WUED.1	IIb	F.4	2025-12	2025-12-01	2025-12-31	
PP_006WUFB.1	IIb	E.1.1	2025-12	2025-12-01	2025-12-31	
PP_006WUG9.1	IIb	F.2	2025-12	2025-12-01	2025-12-31	
PP_006WUH6.1	IIb	F.4	2025-12	2025-12-01	2025-12-31	
PP_006WUJ4.1	IIb	F.4	2025-12	2025-12-01	2025-12-31	
PP_006WUK2.1	IIb	F.4	2025-12	2025-12-01	2025-12-31	
PP_006WUL0.1	IIb	F.4.1	2025-12	2025-12-01	2025-12-31	
PP_006WUMY.1	IIb	E.1.1	2025-12	2025-12-01	2025-12-31	
PP_006WUNW.1	IIb	F.4	2025-12	2025-12-01	2025-12-31	
PP_006WVY9.1	IIb	F.4	2025-12	2025-12-01	2025-12-31	
PP_006WVZ7.1	IIb	F.4.1	2025-12	2025-12-01	2025-12-31	
